Image_name,Label
train0001.jpg,Educational
train0002.jpg,Educational
train0003.jpg,Educational
train0004.jpg,Educational
train0005.jpg,Educational
train0006.jpg,Educational
train0007.jpg,Educational
train0008.jpeg,Educational
train0009.jpg,Educational
train0010.jpg,Educational
train0011.jpg,Educational
train0012.jpg,Educational
train0013.jpg,Educational
train0014.jpg,Educational
train0015.jpg,Educational
train0016.jpg,Educational
train0017.jpg,Educational
train0018.jpg,Educational
train0019.jpg,Educational
train0020.jpg,Educational
train0021.jpg,Educational
train0022.jpg,Educational
train0023.jpg,Educational
train0024.jpg,Educational
train0025.jpg,Educational
train0026.jpg,Educational
train0027.jpg,Educational
train0028.jpg,Educational
train0029.jpg,Educational
train0030.jpg,Educational
train0031.jpg,Educational
train0032.jpg,Educational
train0033.jpg,Educational
train0034.jpg,Educational
train0035.jpg,Educational
train0036.jpg,Educational
train0037.jpg,Educational
train0038.jpg,Educational
train0039.jpg,Educational
train0040.jpg,Educational
train0041.jpg,Educational
train0042.jpg,Educational
train0043.jpg,Educational
train0044.jpg,Educational
train0045.jpg,Educational
train0046.jpg,Educational
train0047.jpg,Educational
train0048.jpg,Educational
train0049.jpg,Educational
train0050.jpg,Educational
train0051.jpg,Educational
train0052.jpg,Educational
train0053.jpg,Educational
train0054.jpg,Educational
train0055.jpg,Educational
train0056.jpg,Educational
train0057.jpg,Educational
train0058.jpg,Educational
train0059.jpg,Educational
train0060.jpg,Educational
train0061.jpg,Educational
train0062.jpg,Educational
train0063.jpg,Educational
train0064.jpg,Educational
train0065.jpg,Educational
train0066.jpg,Educational
train0067.jpg,Educational
train0068.jpg,Educational
train0069.jpg,Educational
train0070.jpg,Educational
train0071.jpg,Educational
train0072.jpg,Educational
train0073.jpg,Educational
train0074.jpg,Educational
train0075.jpg,Educational
train0076.jpg,Educational
train0077.jpg,Educational
train0078.jpg,Educational
train0079.jpg,Educational
train0080.jpg,Educational
train0081.jpg,Educational
train0082.jpg,Educational
train0083.jpg,Educational
train0084.jpg,Educational
train0085.jpg,Educational
train0086.jpg,Educational
train0087.jpg,Educational
train0088.jpg,Educational
train0089.jpg,Educational
train0090.jpg,Educational
train0091.jpg,Educational
train0092.jpg,Educational
train0093.jpg,Educational
train0094.jpg,Educational
train0095.jpg,Educational
train0096.jpg,Educational
train0097.jpg,Educational
train0098.jpg,Educational
train0099.jpg,Educational
train0100.jpg,Educational
train0101.jpg,Educational
train0102.jpg,Educational
train0103.jpg,Educational
train0104.jpg,Educational
train0105.jpg,Educational
train0106.jpg,Educational
train0107.jpg,Educational
train0108.jpg,Educational
train0109.jpg,Educational
train0110.jpg,Educational
train0111.jpg,Educational
train0112.jpg,Educational
train0113.jpg,Educational
train0114.jpg,Educational
train0115.jpg,Educational
train0116.jpg,Educational
train0117.jpg,Educational
train0118.jpg,Educational
train0119.jpg,Educational
train0120.jpg,Educational
train0121.jpeg,Educational
train0122.jpg,Educational
train0123.jpg,Educational
train0124.jpg,Educational
train0125.jpg,Educational
train0126.jpg,Educational
train0127.jpg,Educational
train0128.jpg,Educational
train0129.jpg,Educational
train0130.jpg,Educational
train0131.jpg,Educational
train0132.jpeg,Educational
train0133.jpg,Educational
train0134.jpg,Educational
train0135.jpg,Educational
train0136.jpg,Educational
train0137.jpg,Educational
train0138.jpg,Educational
train0139.jpg,Educational
train0140.jpg,Educational
train0141.jpeg,Educational
train0142.jpg,Educational
train0143.jpg,Educational
train0144.jpg,Educational
train0145.jpg,Educational
train0146.jpg,Educational
train0147.jpg,Educational
train0148.jpg,Educational
train0149.jpg,Educational
train0150.jpg,Educational
train0151.jpeg,Educational
train0152.jpg,Educational
train0153.jpg,Educational
train0154.jpg,Educational
train0155.jpg,Educational
train0156.jpg,Educational
train0157.jpg,Educational
train0158.jpg,Educational
train0159.jpg,Educational
train0160.jpg,Educational
train0161.jpg,Educational
train0162.jpeg,Educational
train0163.jpg,Educational
train0164.jpg,Educational
train0165.jpg,Educational
train0166.jpg,Educational
train0167.jpg,Educational
train0168.jpg,Educational
train0169.jpg,Educational
train0170.jpg,Educational
train0171.jpg,Educational
train0172.jpg,Educational
train0173.jpeg,Educational
train0174.jpg,Educational
train0175.jpg,Educational
train0176.jpg,Educational
train0177.jpg,Educational
train0178.jpg,Educational
train0179.jpg,Educational
train0180.jpg,Educational
train0181.jpg,Educational
train0182.jpg,Educational
train0183.jpeg,Educational
train0184.jpg,Educational
train0185.jpg,Educational
train0186.jpg,Educational
train0187.jpg,Educational
train0188.jpg,Educational
train0189.jpg,Educational
train0190.jpg,Educational
train0191.jpg,Educational
train0192.jpg,Educational
train0193.jpg,Educational
train0194.jpeg,Educational
train0195.jpg,Educational
train0196.jpg,Educational
train0197.jpg,Educational
train0198.jpg,Educational
train0199.jpg,Educational
train0200.jpg,Educational
train0201.jpg,Educational
train0202.jpg,Educational
train0203.jpg,Educational
train0204.jpg,Educational
train0205.jpg,Educational
train0206.jpg,Educational
train0207.jpg,Educational
train0208.jpg,Educational
train0209.jpg,Educational
train0210.jpg,Educational
train0211.jpg,Educational
train0212.jpg,Educational
train0213.jpg,Educational
train0214.jpg,Educational
train0215.jpg,Educational
train0216.jpg,Educational
train0217.jpg,Educational
train0218.jpg,Educational
train0219.jpg,Educational
train0220.jpg,Educational
train0221.jpg,Educational
train0222.jpg,Educational
train0223.jpg,Educational
train0224.jpg,Educational
train0225.jpg,Educational
train0226.jpg,Educational
train0227.jpg,Educational
train0228.jpg,Educational
train0229.jpg,Educational
train0230.jpg,Educational
train0231.jpg,Educational
train0232.jpg,Educational
train0233.jpg,Educational
train0234.jpg,Educational
train0235.jpg,Educational
train0236.jpg,Educational
train0237.jpg,Educational
train0238.jpg,Educational
train0239.jpg,Educational
train0240.jpg,Educational
train0241.jpg,Educational
train0242.jpg,Educational
train0243.jpg,Educational
train0244.jpg,Educational
train0245.jpg,Educational
train0246.jpg,Educational
train0247.jpg,Educational
train0248.jpg,Educational
train0249.jpg,Educational
train0250.jpg,Educational
train0251.jpg,Educational
train0252.jpg,Educational
train0253.jpg,Educational
train0254.jpg,Educational
train0255.jpg,Educational
train0256.jpg,Educational
train0257.jpg,Educational
train0258.jpg,Educational
train0259.jpg,Educational
train0260.jpg,Educational
train0261.jpg,Educational
train0262.jpg,Educational
train0263.jpg,Educational
train0264.jpg,Educational
train0265.jpg,Educational
train0266.jpg,Educational
train0267.jpg,Educational
train0268.jpg,Educational
train0269.jpg,Educational
train0270.jpg,Educational
train0271.jpg,Educational
train0272.jpg,Educational
train0273.jpg,Educational
train0274.jpg,Educational
train0275.jpg,Educational
train0276.jpg,Educational
train0277.jpg,Educational
train0278.jpg,Educational
train0279.jpg,Educational
train0280.jpg,Educational
train0281.jpg,Educational
train0282.jpg,Educational
train0283.jpg,Educational
train0284.jpg,Educational
train0285.jpg,Educational
train0286.jpg,Educational
train0287.jpg,Educational
train0288.jpg,Educational
train0289.jpg,Educational
train0290.jpg,Educational
train0291.jpg,Educational
train0292.jpg,Educational
train0293.jpg,Educational
train0294.jpg,Educational
train0295.jpg,Educational
train0296.jpg,Educational
train0297.jpg,Educational
train0298.jpg,Educational
train0299.jpg,Educational
train0300.jpg,Educational
train0301.jpg,Educational
train0302.jpg,Educational
train0303.jpg,Educational
train0304.jpg,Educational
train0305.jpg,Educational
train0306.jpg,Educational
train0307.jpg,Educational
train0308.jpg,Educational
train0309.jpg,Educational
train0310.jpg,Educational
train0311.jpg,Educational
train0312.jpg,Educational
train0313.jpg,Educational
train0314.png,Educational
train0315.jpg,Educational
train0316.jpg,Educational
train0317.jpg,Educational
train0318.jpg,Educational
train0319.jpg,Educational
train0320.jpg,Educational
train0321.jpg,Educational
train0322.jpg,Educational
train0323.jpg,Educational
train0324.jpg,Educational
train0325.jpg,Educational
train0326.jpg,Educational
train0327.jpg,Educational
train0328.jpg,Educational
train0329.jpg,Educational
train0330.jpg,Educational
train0331.jpg,Educational
train0332.jpg,Educational
train0333.jpg,Educational
train0334.jpg,Educational
train0335.jpg,Educational
train0336.jpg,Educational
train0337.jpg,Educational
train0338.jpg,Educational
train0339.jpg,Educational
train0340.jpg,Educational
train0341.jpg,Educational
train0342.jpg,Educational
train0343.jpg,Educational
train0344.jpg,Educational
train0345.jpg,Educational
train0346.png,Educational
train0347.jpg,Educational
train0348.jpg,Educational
train0349.jpg,Educational
train0350.jpg,Educational
train0351.jpg,Educational
train0352.jpg,Educational
train0353.jpg,Educational
train0354.jpg,Educational
train0355.jpg,Educational
train0356.jpg,Educational
train0357.webp,Educational
train0358.jpg,Educational
train0359.jpg,Educational
train0360.jpg,Educational
train0361.jpg,Educational
train0362.jpg,Educational
train0363.jpg,Educational
train0364.jpg,Educational
train0365.jpg,Educational
train0366.jpg,Educational
train0367.jpg,Educational
train0368.jpg,Educational
train0369.jpg,Educational
train0370.jpg,Educational
train0371.jpg,Educational
train0372.jpg,Educational
train0373.jpg,Educational
train0374.jpg,Educational
train0375.jpg,Educational
train0376.jpg,Educational
train0377.jpg,Educational
train0378.jpg,Educational
train0379.jpg,Educational
train0380.jpg,Educational
train0381.jpg,Educational
train0382.jpg,Educational
train0383.jpg,Educational
train0384.jpg,Educational
train0385.jpg,Educational
train0386.jpg,Educational
train0387.jpg,Educational
train0388.jpg,Educational
train0389.jpg,Educational
train0390.jpg,Educational
train0391.jpg,Educational
train0392.jpg,Educational
train0393.jpg,Educational
train0394.jpg,Educational
train0395.jpg,Educational
train0396.jpg,Educational
train0397.jpg,Educational
train0398.jpg,Educational
train0399.jpg,Educational
train0400.jpg,Educational
train0401.jpg,Educational
train0402.jpg,Educational
train0403.jpg,Educational
train0404.jpg,Educational
train0405.jpg,Educational
train0406.jpg,Educational
train0407.jpg,Educational
train0408.jpg,Educational
train0409.jpg,Educational
train0410.jpg,Educational
train0411.jpg,Educational
train0412.jpg,Educational
train0413.jpg,Educational
train0414.jpg,Educational
train0415.jpg,Educational
train0416.jpg,Educational
train0417.jpg,Educational
train0418.jpg,Educational
train0419.jpg,Educational
train0420.jpg,Educational
train0421.jpg,Educational
train0422.jpg,Educational
train0423.jpg,Educational
train0424.jpg,Educational
train0425.jpg,Educational
train0426.jpg,Educational
train0427.jpg,Educational
train0428.jpg,Educational
train0429.jpg,Educational
train0430.jpg,Educational
train0431.jpg,Educational
train0432.jpg,Educational
train0433.jpg,Educational
train0434.jpg,Educational
train0435.jpg,Educational
train0436.jpg,Educational
train0437.jpg,Educational
train0438.jpg,Educational
train0439.jpg,Educational
train0440.jpg,Educational
train0441.jpg,Educational
train0442.jpg,Educational
train0443.jpg,Educational
train0444.jpg,Educational
train0445.jpg,Educational
train0446.jpg,Educational
train0447.jpg,Educational
train0448.jpg,Educational
train0449.jpg,Educational
train0450.jpg,Educational
train0451.jpg,Educational
train0452.jpg,Educational
train0453.jpg,Educational
train0454.jpg,Educational
train0455.jpg,Educational
train0456.jpg,Educational
train0457.jpg,Educational
train0458.jpg,Educational
train0459.jpg,Educational
train0460.jpg,Educational
train0461.jpg,Educational
train0462.jpg,Educational
train0463.jpg,Educational
train0464.jpg,Educational
train0465.jpg,Educational
train0466.jpg,Educational
train0467.jpg,Educational
train0468.jpg,Educational
train0469.jpg,Educational
train0470.jpg,Educational
train0471.jpg,Educational
train0472.jpg,Educational
train0473.jpg,Educational
train0474.jpg,Educational
train0475.jpg,Educational
train0476.jpg,Educational
train0477.jpg,Educational
train0478.jpg,Educational
train0479.jpg,Educational
train0480.jpg,Educational
train0481.jpg,Educational
train0482.jpg,Educational
train0483.jpg,Educational
train0484.jpg,Educational
train0485.jpg,Educational
train0486.jpg,Educational
train0487.jpg,Educational
train0488.jpg,Educational
train0489.jpg,Educational
train0490.jpg,Educational
train0491.jpg,Educational
train0492.jpg,Educational
train0493.jpg,Educational
train0494.jpg,Educational
train0495.jpg,Educational
train0496.jpg,Educational
train0497.jpg,Educational
train0498.jpg,Educational
train0499.jpg,Educational
train0500.jpg,Educational
train0501.jpg,Educational
train0502.jpg,Educational
train0503.jpg,Educational
train0504.jpg,Educational
train0505.jpg,Educational
train0506.jpg,Educational
train0507.jpg,Educational
train0508.jpg,Educational
train0509.jpg,Educational
train0510.jpg,Educational
train0511.jpg,Educational
train0512.jpg,Educational
train0513.jpg,Educational
train0514.jpg,Educational
train0515.jpg,Educational
train0516.jpg,Educational
train0517.jpg,Educational
train0518.jpg,Educational
train0519.jpg,Educational
train0520.jpg,Educational
train0521.jpg,Educational
train0522.jpg,Educational
train0523.jpg,Educational
train0524.jpg,Educational
train0525.jpg,Educational
train0526.jpg,Educational
train0527.jpg,Educational
train0528.jpg,Educational
train0529.jpg,Educational
train0530.jpg,Educational
train0531.jpg,Educational
train0532.jpg,Educational
train0533.jpg,Educational
train0534.jpg,Educational
train0535.jpg,Educational
train0536.jpg,Educational
train0537.jpg,Educational
train0538.jpg,Educational
train0539.jpg,Educational
train0540.jpg,Educational
train0541.jpg,Educational
train0542.jpg,Educational
train0543.jpg,Educational
train0544.jpg,Educational
train0545.jpg,Educational
train0546.jpg,Educational
train0547.jpg,Educational
train0548.jpg,Educational
train0549.jpg,Educational
train0550.jpg,Educational
train0551.jpg,Educational
train0552.jpg,Educational
train0553.jpg,Educational
train0554.jpg,Educational
train0555.jpg,Educational
train0556.jpg,Educational
train0557.jpg,Educational
train0558.jpg,Educational
train0559.jpg,Educational
train0560.jpg,Educational
train0561.jpg,Educational
train0562.jpg,Educational
train0563.jpg,Educational
train0564.jpg,Educational
train0565.jpg,Educational
train0566.jpg,Educational
train0567.jpg,Educational
train0568.jpg,Educational
train0569.jpg,Educational
train0570.jpg,Educational
train0571.jpg,Educational
train0572.jpg,Educational
train0573.jpg,Educational
train0574.jpg,Educational
train0575.jpg,Educational
train0576.jpg,Educational
train0577.jpg,Educational
train0578.jpg,Educational
train0579.jpg,Educational
train0580.jpg,Educational
train0581.jpg,Educational
train0582.jpg,Educational
train0583.jpg,Educational
train0584.jpg,Educational
train0585.jpg,Educational
train0586.jpg,Educational
train0587.jpg,Educational
train0588.jpg,Educational
train0589.jpg,Educational
train0590.jpg,Educational
train0591.jpg,Educational
train0592.jpg,Educational
train0593.jpg,Educational
train0594.jpg,Educational
train0595.jpg,Educational
train0596.jpg,Educational
train0597.jpg,Educational
train0598.jpg,Educational
train0599.jpg,Educational
train0600.jpg,Educational
train0601.jpg,Educational
train0602.jpg,Educational
train0603.jpg,Educational
train0604.jpg,Educational
train0605.jpg,Educational
train0606.jpg,Educational
train0607.jpg,Educational
train0608.jpg,Educational
train0609.jpg,Educational
train0610.jpg,Educational
train0611.jpg,Educational
train0612.jpg,Educational
train0613.jpg,Educational
train0614.jpg,Educational
train0615.jpg,Educational
train0616.jpg,Educational
train0617.jpg,Educational
train0618.jpg,Educational
train0619.jpg,Educational
train0620.jpg,Educational
train0621.jpg,Educational
train0622.jpg,Educational
train0623.jpg,Educational
train0624.jpg,Educational
train0625.jpg,Educational
train0626.jpg,Educational
train0627.jpg,Educational
train0628.jpg,Educational
train0629.jpg,Educational
train0630.jpg,Educational
train0631.jpg,Educational
train0634.jpg,Neutral
train0638.jpg,Neutral
train0642.jpg,Neutral
train0647.jpg,Neutral
train0650.jpg,Neutral
train0655.jpg,Neutral
train0661.jpg,Neutral
train0662.jpg,Neutral
train0663.jpg,Neutral
train0664.jpg,Neutral
train0675.jpg,Neutral
train0676.jpg,Neutral
train0677.jpg,Neutral
train0680.jpg,Neutral
train0681.jpg,Neutral
train0683.jpg,Neutral
train0686.jpg,Neutral
train0688.jpg,Neutral
train0690.jpg,Neutral
train0691.jpg,Neutral
train0695.jpg,Neutral
train0697.jpg,Neutral
train0699.jpg,Neutral
train0701.jpg,Neutral
train0702.jpg,Neutral
train0703.jpg,Neutral
train0704.jpg,Neutral
train0705.jpg,Neutral
train0708.jpg,Neutral
train0710.jpg,Neutral
train0713.jpg,Neutral
train0715.jpg,Neutral
train0716.jpg,Neutral
train0718.jpg,Neutral
train0728.jpg,Neutral
train0731.jpg,Neutral
train0732.jpg,Neutral
train0733.jpg,Neutral
train0737.jpg,Neutral
train0739.jpg,Neutral
train0741.jpg,Neutral
train0743.jpg,Neutral
train0745.jpg,Neutral
train0747.jpg,Neutral
train0750.jpg,Neutral
train0752.jpg,Neutral
train0755.jpg,Neutral
train0756.jpg,Neutral
train0758.jpg,Neutral
train0760.jpg,Neutral
train0761.jpg,Neutral
train0767.jpg,Neutral
train0772.jpg,Neutral
train0773.jpg,Neutral
train0779.jpg,Neutral
train0780.jpg,Neutral
train0787.jpg,Neutral
train0788.jpg,Neutral
train0790.jpg,Neutral
train0794.jpg,Neutral
train0795.jpg,Neutral
train0800.jpg,Neutral
train0802.jpg,Neutral
train0805.jpg,Neutral
train0806.jpg,Neutral
train0807.jpg,Neutral
train0809.jpg,Neutral
train0811.jpg,Neutral
train0813.jpg,Neutral
train0814.jpg,Neutral
train0816.jpg,Neutral
train0817.jpg,Neutral
train0820.jpg,Neutral
train0824.jpg,Neutral
train0826.jpg,Neutral
train0827.jpg,Neutral
train0828.jpg,Neutral
train0830.jpg,Neutral
train0831.jpg,Neutral
train0835.jpg,Neutral
train0840.jpg,Neutral
train0841.jpg,Neutral
train0842.jpg,Neutral
train0843.jpg,Neutral
train0844.jpg,Neutral
train0846.jpg,Neutral
train0847.jpg,Neutral
train0850.jpg,Neutral
train0852.jpg,Neutral
train0853.jpg,Neutral
train0858.jpg,Neutral
train0863.jpg,Neutral
train0865.jpg,Neutral
train0868.jpg,Neutral
train0869.jpg,Neutral
train0871.jpg,Neutral
train0872.jpg,Neutral
train0875.jpg,Neutral
train0876.jpg,Neutral
train0879.jpg,Neutral
train0882.jpg,Neutral
train0883.jpg,Neutral
train0886.jpg,Neutral
train0888.jpg,Neutral
train0891.jpg,Neutral
train0893.jpg,Neutral
train0897.jpg,Neutral
train0898.jpg,Neutral
train0902.jpg,Neutral
train0903.jpg,Neutral
train0904.jpg,Neutral
train0905.jpg,Neutral
train0906.jpg,Neutral
train0907.jpg,Neutral
train0909.jpg,Neutral
train0913.jpg,Neutral
train0914.jpg,Neutral
train0917.jpg,Neutral
train0918.jpg,Neutral
train0919.jpg,Neutral
train0921.jpg,Neutral
train0923.jpg,Neutral
train0924.jpg,Neutral
train0928.jpg,Neutral
train0929.jpg,Neutral
train0930.jpg,Neutral
train0932.jpg,Neutral
train0935.jpg,Neutral
train0937.jpg,Neutral
train0938.jpg,Neutral
train0939.jpg,Neutral
train0940.jpg,Neutral
train0941.jpg,Neutral
train0942.jpg,Neutral
train0943.jpg,Neutral
train0944.jpg,Neutral
train0948.jpg,Neutral
train0954.jpg,Neutral
train0955.jpg,Neutral
train0956.jpg,Neutral
train0958.jpg,Neutral
train0959.jpg,Neutral
train0961.jpg,Neutral
train0963.jpg,Neutral
train0964.jpg,Neutral
train0966.jpg,Neutral
train0971.jpg,Neutral
train0973.jpg,Neutral
train0974.jpg,Neutral
train0976.jpg,Neutral
train0978.jpg,Neutral
train0982.jpg,Neutral
train0983.jpg,Neutral
train0984.jpg,Neutral
train0985.jpg,Neutral
train0986.jpg,Neutral
train0987.jpg,Neutral
train0990.jpg,Neutral
train0992.jpg,Neutral
train0993.jpg,Neutral
train0995.jpg,Neutral
train0997.jpg,Neutral
train0998.jpg,Neutral
train0999.jpg,Neutral
train1000.jpg,Neutral
train1002.jpg,Neutral
train1003.jpg,Neutral
train1006.jpg,Neutral
train1008.jpg,Neutral
train1009.jpg,Neutral
train1012.jpg,Neutral
train1013.jpg,Neutral
train1014.jpg,Neutral
train1015.jpg,Neutral
train1025.jpg,Neutral
train1026.jpg,Neutral
train1030.jpg,Neutral
train1037.jpg,Neutral
train1040.jpg,Neutral
train1042.jpg,Neutral
train1043.jpg,Neutral
train1045.jpg,Neutral
train1046.jpg,Neutral
train1047.jpg,Neutral
train1048.jpg,Neutral
train1051.jpg,Neutral
train1052.jpg,Neutral
train1054.jpg,Neutral
train1055.jpg,Neutral
train1057.jpg,Neutral
train1058.jpg,Neutral
train1059.jpg,Neutral
train1060.jpg,Neutral
train1061.jpg,Neutral
train1062.jpg,Neutral
train1064.jpg,Neutral
train1065.jpg,Neutral
train1067.jpg,Neutral
train1068.jpg,Neutral
train1070.jpg,Neutral
train1071.jpg,Neutral
train1074.jpg,Neutral
train1077.jpg,Neutral
train1082.jpg,Neutral
train1083.jpg,Neutral
train1085.jpg,Neutral
train1089.jpg,Neutral
train1093.jpg,Neutral
train1094.jpg,Neutral
train1096.jpg,Neutral
train1097.jpg,Neutral
train1100.jpg,Neutral
train1103.jpg,Neutral
train1110.jpg,Neutral
train1111.jpg,Neutral
train1112.jpg,Neutral
train1113.jpg,Neutral
train1114.jpg,Neutral
train1115.jpg,Neutral
train1117.jpg,Neutral
train1118.jpg,Neutral
train1122.jpg,Neutral
train1125.jpg,Neutral
train1126.jpg,Neutral
train1127.jpg,Neutral
train1129.jpg,Neutral
train1132.jpg,Neutral
train1137.jpg,Neutral
train1138.jpg,Neutral
train1139.jpg,Neutral
train1145.jpg,Neutral
train1146.jpg,Neutral
train1148.jpg,Neutral
train1150.jpg,Neutral
train1151.jpg,Neutral
train1154.jpg,Neutral
train1158.jpg,Neutral
train1159.jpg,Neutral
train1160.jpg,Neutral
train1161.jpg,Neutral
train1162.jpg,Neutral
train1164.jpg,Neutral
train1166.jpg,Neutral
train1167.jpg,Neutral
train1170.jpg,Neutral
train1175.jpg,Neutral
train1176.jpg,Neutral
train1180.jpg,Neutral
train1183.jpg,Neutral
train1184.jpg,Neutral
train1186.jpg,Neutral
train1187.jpg,Neutral
train1189.jpg,Neutral
train1192.jpg,Neutral
train1193.jpg,Neutral
train1198.jpg,Neutral
train1199.jpg,Neutral
train1202.jpg,Neutral
train1204.jpg,Neutral
train1207.jpg,Neutral
train1208.jpg,Neutral
train1211.jpg,Neutral
train1213.jpg,Neutral
train1214.jpg,Neutral
train1215.jpg,Neutral
train1216.jpg,Neutral
train1217.jpg,Neutral
train1220.jpg,Neutral
train1221.jpg,Neutral
train1222.jpg,Neutral
train1223.jpg,Neutral
train1225.jpg,Neutral
train1228.jpg,Neutral
train1229.jpg,Neutral
train1230.jpg,Neutral
train1231.jpg,Neutral
train1233.jpg,Neutral
train1234.jpg,Neutral
train1239.jpg,Neutral
train1241.jpg,Neutral
train1242.jpg,Neutral
train1243.jpg,Neutral
train1245.jpg,Neutral
train1246.jpg,Neutral
train1249.jpg,Neutral
train1250.jpg,Neutral
train1251.jpg,Neutral
train1252.jpg,Neutral
train1253.jpg,Neutral
train1258.jpg,Neutral
train1260.jpg,Neutral
train1261.jpg,Neutral
train1262.jpg,Neutral
train1263.jpg,Neutral
train1266.jpg,Neutral
train1269.jpg,Neutral
train1275.jpg,Neutral
train1282.jpg,Neutral
train1283.jpg,Neutral
train1286.jpg,Neutral
train1292.jpg,Neutral
train1301.jpg,Neutral
train1302.jpg,Neutral
train1306.jpg,Neutral
train1309.jpg,Neutral
train1310.jpg,Neutral
train1311.jpg,Neutral
train1312.jpg,Neutral
train1314.jpg,Neutral
train1324.jpg,Neutral
train1325.jpg,Neutral
train1326.jpg,Neutral
train1327.jpg,Neutral
train1332.jpg,Neutral
train1333.jpg,Neutral
train1336.jpg,Neutral
train1337.jpg,Neutral
train1338.jpg,Neutral
train1339.jpg,Neutral
train1342.jpg,Neutral
train1343.jpg,Neutral
train1344.jpg,Neutral
train1347.jpg,Neutral
train1352.jpg,Neutral
train1353.jpg,Neutral
train1354.jpg,Neutral
train1359.jpg,Neutral
train1362.jpg,Neutral
train1365.jpg,Neutral
train1368.jpg,Neutral
train1373.jpg,Neutral
train1375.jpg,Neutral
train1376.jpg,Neutral
train1377.jpg,Neutral
train1378.jpg,Neutral
train1384.jpg,Neutral
train1386.jpg,Neutral
train1387.jpg,Neutral
train1388.jpg,Neutral
train1389.jpg,Neutral
train1391.jpg,Neutral
train1396.jpg,Neutral
train1397.jpg,Neutral
train1399.jpg,Neutral
train1403.jpg,Neutral
train1404.jpg,Neutral
train1406.jpg,Neutral
train1409.jpg,Neutral
train1412.jpg,Neutral
train1413.jpg,Neutral
train1414.jpg,Neutral
train1417.jpg,Neutral
train1419.jpg,Neutral
train1420.jpg,Neutral
train1424.jpg,Neutral
train1430.jpg,Neutral
train1434.jpg,Neutral
train1438.jpg,Neutral
train1439.jpg,Neutral
train1440.jpg,Neutral
train1441.jpg,Neutral
train1442.jpg,Neutral
train1444.jpg,Neutral
train1445.jpg,Neutral
train1449.jpg,Neutral
train1450.jpg,Neutral
train1451.jpg,Neutral
train1456.jpg,Neutral
train1461.jpg,Neutral
train1464.jpg,Neutral
train1466.jpg,Neutral
train1468.jpg,Neutral
train1470.jpg,Neutral
train1473.jpg,Neutral
train1475.jpg,Neutral
train1477.jpg,Neutral
train1481.jpg,Neutral
train1487.jpg,Neutral
train1489.jpg,Neutral
train1491.jpg,Neutral
train1493.jpg,Neutral
train1494.jpg,Neutral
train1497.jpg,Neutral
train1501.jpg,Neutral
train1505.jpg,Neutral
train1506.jpg,Neutral
train1511.jpg,Neutral
train1513.jpg,Neutral
train1518.jpg,Neutral
train1519.jpg,Neutral
train1520.jpg,Neutral
train1521.jpg,Neutral
train1524.jpg,Neutral
train1532.jpg,Neutral
train1535.jpg,Neutral
train1536.jpg,Neutral
train1537.jpg,Neutral
train1538.jpg,Neutral
train1539.jpg,Neutral
train1541.jpg,Neutral
train1546.jpg,Neutral
train1547.jpg,Neutral
train1548.jpg,Neutral
train1553.jpg,Neutral
train1554.jpg,Neutral
train1555.jpg,Neutral
train1557.jpg,Neutral
train1562.jpg,Neutral
train1563.jpg,Neutral
train1568.jpg,Neutral
train1569.jpg,Neutral
train1570.jpg,Neutral
train1571.jpg,Neutral
train1572.jpg,Neutral
train1573.jpg,Neutral
train1574.jpg,Neutral
train1575.jpg,Neutral
train1576.jpg,Neutral
train1580.jpg,Neutral
train1581.jpg,Neutral
train1582.jpg,Neutral
train1584.jpg,Neutral
train1594.jpg,Neutral
train1595.jpg,Neutral
train1596.jpg,Neutral
train1597.jpg,Neutral
train1598.jpg,Neutral
train1600.jpg,Neutral
train1605.jpg,Neutral
train1606.jpg,Neutral
train1608.jpg,Neutral
train1614.jpg,Neutral
train1616.jpg,Neutral
train1617.jpg,Neutral
train1618.jpg,Neutral
train1620.jpg,Neutral
train1622.jpg,Neutral
train1625.jpg,Neutral
train1626.jpg,Neutral
train1630.jpg,Neutral
train1631.jpg,Neutral
train1632.jpg,Neutral
train1633.jpg,Neutral
train1637.jpg,Neutral
train1638.jpg,Neutral
train1639.jpg,Neutral
train1641.jpg,Neutral
train1645.jpg,Neutral
train1650.jpg,Neutral
train1655.jpg,Neutral
train1659.jpg,Neutral
train1661.jpg,Neutral
train1665.jpg,Neutral
train1666.jpg,Neutral
train1668.jpg,Neutral
train1669.jpg,Neutral
train1672.jpg,Neutral
train1673.jpg,Neutral
train1675.jpg,Neutral
train1679.jpg,Neutral
train1682.jpg,Neutral
train1684.jpg,Neutral
train1685.jpg,Neutral
train1686.jpg,Neutral
train1687.jpg,Neutral
train1689.jpg,Neutral
train1690.jpg,Neutral
train1693.jpg,Neutral
train1695.jpg,Neutral
train1699.jpg,Neutral
train1700.jpg,Neutral
train1710.jpg,Neutral
train1712.jpg,Neutral
train1715.jpg,Neutral
train1716.jpg,Neutral
train1717.jpg,Neutral
train1719.jpg,Neutral
train1722.jpg,Neutral
train1723.jpg,Neutral
train1726.jpg,Neutral
train1732.jpg,Neutral
train1735.jpg,Neutral
train1737.jpg,Neutral
train1738.jpg,Neutral
train1739.jpg,Neutral
train1742.jpg,Neutral
train1743.jpg,Neutral
train1744.jpg,Neutral
train1745.jpg,Neutral
train1746.jpg,Neutral
train1748.jpg,Neutral
train1752.jpg,Neutral
train1756.jpg,Neutral
train1757.jpg,Neutral
train1760.jpg,Neutral
train1763.jpg,Neutral
train1765.jpg,Neutral
train1766.jpg,Neutral
train1770.jpg,Neutral
train1783.jpg,Neutral
train1789.jpg,Neutral
train1791.jpg,Neutral
train1792.jpg,Neutral
train1793.jpg,Neutral
train1796.jpg,Neutral
train1797.jpg,Neutral
train1801.jpg,Neutral
train1802.jpg,Neutral
train1807.jpg,Neutral
train1809.jpg,Neutral
train1810.jpg,Neutral
train1811.jpg,Neutral
train1814.jpg,Neutral
train1817.jpg,Neutral
train1821.jpg,Neutral
train1824.jpg,Neutral
train1825.jpg,Neutral
train1828.jpg,Neutral
train1832.jpg,Neutral
train1834.jpg,Neutral
train1836.jpg,Neutral
train1838.jpg,Neutral
train1840.jpg,Neutral
train1842.jpg,Neutral
train1843.jpg,Neutral
train1848.jpg,Neutral
train1852.jpg,Neutral
train1854.jpg,Neutral
train1855.jpg,Neutral
train1857.jpg,Neutral
train1860.jpg,Neutral
train1861.jpg,Neutral
train1863.jpg,Neutral
train1864.jpg,Neutral
train1865.jpg,Neutral
train1866.jpg,Neutral
train1867.jpg,Neutral
train1869.jpg,Neutral
train1871.jpg,Neutral
train1874.jpg,Neutral
train1876.jpg,Neutral
train1877.jpg,Neutral
train1879.jpg,Neutral
train1881.jpg,Neutral
train1883.jpg,Neutral
train1887.jpg,Neutral
train1890.jpg,Neutral
train1891.jpg,Neutral
train1893.jpg,Neutral
train1895.jpg,Neutral
train1897.jpg,Neutral
train1902.jpg,Neutral
train1903.jpg,Neutral
train1905.jpg,Neutral
train1910.jpg,Neutral
train1912.jpg,Neutral
train1913.jpg,Neutral
train1915.jpg,Neutral
train1916.jpg,Neutral
train1918.jpg,Neutral
train1919.jpg,Neutral
train1920.jpg,Neutral
train1921.jpg,Neutral
train1930.jpg,Neutral
train1933.jpg,Neutral
train1934.jpg,Neutral
train1937.jpg,Neutral
train1939.jpg,Neutral
train1946.jpg,Neutral
train1947.jpg,Neutral
train1949.jpg,Neutral
train1950.jpg,Neutral
train1951.jpg,Neutral
train1952.jpg,Neutral
train1955.jpg,Neutral
train1956.jpg,Neutral
train1958.jpg,Neutral
train1960.jpg,Neutral
train1963.jpg,Neutral
train1965.jpg,Neutral
train1966.jpg,Neutral
train1967.jpg,Neutral
train1970.jpg,Neutral
train1973.jpg,Neutral
train1974.jpg,Neutral
train1975.jpg,Neutral
train1976.jpg,Neutral
train1982.jpg,Neutral
train1983.jpg,Neutral
train1984.jpg,Neutral
train1985.jpg,Neutral
train1993.jpg,Neutral
train1994.jpg,Neutral
train1996.jpg,Neutral
train2002.jpg,Neutral
train2007.jpg,Neutral
train2010.jpg,Neutral
train2016.jpg,Neutral
train2018.jpg,Neutral
train2023.jpg,Neutral
train2024.jpg,Neutral
train2025.jpg,Neutral
train2027.jpg,Neutral
train2031.jpg,Neutral
train2034.jpg,Neutral
train2036.jpg,Neutral
train2037.jpg,Neutral
train2039.jpg,Neutral
train2044.jpg,Neutral
train2049.jpg,Neutral
train2050.jpg,Neutral
train2051.jpg,Neutral
train2052.jpg,Neutral
train2053.jpg,Neutral
train2054.jpg,Neutral
train2056.jpg,Neutral
train2059.jpg,Neutral
train2060.jpg,Neutral
train2063.jpg,Neutral
train2065.jpg,Neutral
train2067.jpg,Neutral
train2068.jpg,Neutral
train2072.jpg,Neutral
train2074.jpg,Neutral
train2076.jpg,Neutral
train2079.jpg,Neutral
train2080.jpg,Neutral
train2082.jpg,Neutral
train2086.jpg,Neutral
train2087.jpg,Neutral
train2090.jpg,Neutral
train2092.jpg,Neutral
train2093.jpg,Neutral
train2095.jpg,Neutral
train2097.jpg,Neutral
train2098.jpg,Neutral
train2101.jpg,Neutral
train2102.jpg,Neutral
train2103.jpg,Neutral
train2109.jpg,Neutral
train2112.jpg,Neutral
train2113.jpg,Neutral
train2118.jpg,Neutral
train2120.jpg,Neutral
train2121.jpg,Neutral
train2122.jpg,Neutral
train2124.jpg,Neutral
train2129.jpg,Neutral
train2130.jpg,Neutral
train2137.jpg,Neutral
train2138.jpg,Neutral
train2141.jpg,Neutral
train2142.jpg,Neutral
train2146.jpg,Neutral
train2148.jpg,Neutral
train2149.jpg,Neutral
train2150.jpg,Neutral
train2155.jpg,Neutral
train2157.jpg,Neutral
train2164.jpg,Neutral
train2169.jpg,Neutral
train2170.jpg,Neutral
train2173.jpg,Neutral
train2174.jpg,Neutral
train2175.jpg,Neutral
train2176.jpg,Neutral
train2178.jpg,Neutral
train2180.jpg,Neutral
train2181.jpg,Neutral
train2183.jpg,Neutral
train2186.jpg,Neutral
train2187.jpg,Neutral
train2188.jpg,Neutral
train2190.jpg,Neutral
train2191.jpg,Neutral
train2192.jpg,Neutral
train2193.jpg,Neutral
train2195.jpg,Neutral
train2196.jpg,Neutral
train2197.jpg,Neutral
train2199.jpg,Neutral
train2200.jpg,Neutral
train2201.jpg,Neutral
train2203.jpg,Neutral
train2204.jpg,Neutral
train2205.jpg,Neutral
train2207.jpg,Neutral
train2210.jpg,Neutral
train2213.jpg,Neutral
train2214.jpg,Neutral
train2215.jpg,Neutral
train2218.jpg,Neutral
train2220.jpg,Neutral
train2224.jpg,Neutral
train2225.jpg,Neutral
train2231.jpg,Neutral
train2234.jpg,Neutral
train2236.jpg,Neutral
train2237.jpg,Neutral
train2240.jpg,Neutral
train2241.jpg,Neutral
train2242.jpg,Neutral
train2244.jpg,Neutral
train2245.jpg,Neutral
train2246.jpg,Neutral
train2247.jpg,Neutral
train2249.jpg,Neutral
train2250.jpg,Neutral
train2251.jpg,Neutral
train2252.jpg,Neutral
train2253.jpg,Neutral
train2254.jpg,Neutral
train2255.jpg,Neutral
train2256.jpg,Neutral
train2258.jpg,Neutral
train2260.jpg,Neutral
train2261.jpg,Neutral
train2267.jpg,Neutral
train2271.jpg,Neutral
train2272.jpg,Neutral
train2273.jpg,Neutral
train2274.jpg,Neutral
train2276.jpg,Neutral
train2277.jpg,Neutral
train2278.jpg,Neutral
train2282.jpg,Neutral
train2283.jpg,Neutral
train2284.jpg,Neutral
train2285.jpg,Neutral
train2286.jpg,Neutral
train2287.jpg,Neutral
train2288.jpg,Neutral
train2289.jpg,Neutral
train2290.jpg,Neutral
train2291.jpg,Neutral
train2292.jpg,Neutral
train2296.jpg,Neutral
train2297.jpg,Neutral
train2302.jpg,Neutral
train2304.jpg,Neutral
train2307.jpg,Neutral
train2311.jpg,Neutral
train2312.jpg,Neutral
train2313.jpg,Neutral
train2314.jpg,Neutral
train2315.jpg,Neutral
train2316.jpg,Neutral
train2318.jpg,Neutral
train2323.jpg,Neutral
train2324.jpg,Neutral
train2325.jpg,Neutral
train2326.jpg,Neutral
train2329.jpg,Neutral
train2334.jpg,Neutral
train2336.jpg,Neutral
train2343.jpg,Neutral
train2345.jpg,Neutral
train2348.jpg,Neutral
train2351.jpg,Neutral
train2352.jpg,Neutral
train2359.jpg,Neutral
train2360.jpg,Neutral
train2364.jpg,Neutral
train2366.jpg,Neutral
train2367.jpg,Neutral
train2368.jpg,Neutral
train2369.jpg,Neutral
train2374.jpg,Neutral
train2375.jpg,Neutral
train2379.jpg,Neutral
train2381.jpg,Neutral
train2393.jpg,Neutral
train2397.jpg,Neutral
train2399.jpg,Neutral
train2401.jpg,Neutral
train2402.jpg,Neutral
train2406.jpg,Neutral
train2408.jpg,Neutral
train2410.jpg,Neutral
train2411.jpg,Neutral
train2414.jpg,Neutral
train2419.jpg,Neutral
train2421.jpg,Neutral
train2432.jpg,Neutral
train2437.jpg,Neutral
train2442.jpg,Neutral
train2448.jpg,Neutral
train2449.jpg,Neutral
train2451.jpg,Neutral
train2454.jpg,Neutral
train2455.jpg,Neutral
train2457.jpg,Neutral
train2458.jpg,Neutral
train2460.jpg,Neutral
train2464.jpg,Neutral
train2466.jpg,Neutral
train2467.jpg,Neutral
train2470.jpg,Neutral
train2471.jpg,Neutral
train2472.jpg,Neutral
train2479.jpg,Neutral
train2481.jpg,Neutral
train2484.jpg,Neutral
train2485.jpg,Neutral
train2486.jpg,Neutral
train2489.jpg,Neutral
train2492.jpg,Neutral
train2498.jpg,Neutral
train2500.jpg,Neutral
train2501.jpg,Neutral
train2503.jpg,Neutral
train2505.jpg,Neutral
train2506.jpg,Neutral
train2508.jpg,Neutral
train2509.jpg,Neutral
train2511.jpg,Neutral
train2513.jpg,Neutral
train2515.jpg,Neutral
train2522.jpg,Neutral
train2523.jpg,Neutral
train2526.jpg,Neutral
train2532.jpg,Neutral
train2536.jpg,Neutral
train2537.jpg,Neutral
train2538.jpg,Neutral
train2542.jpg,Neutral
train2544.jpg,Neutral
train2548.jpg,Neutral
train2550.jpg,Neutral
train2555.jpg,Neutral
train2558.jpg,Neutral
train2560.jpg,Neutral
train2561.jpg,Neutral
train2562.jpg,Neutral
train2563.jpg,Neutral
train2566.jpg,Neutral
train2569.jpg,Neutral
train2570.jpg,Neutral
train2571.jpg,Neutral
train2573.jpg,Neutral
train2574.jpg,Neutral
train2576.jpg,Neutral
train2577.jpg,Neutral
train2578.jpg,Neutral
train2589.jpg,Neutral
train2592.jpg,Neutral
train2593.jpg,Neutral
train2596.jpg,Neutral
train2598.jpg,Neutral
train2599.jpg,Neutral
train2600.jpg,Neutral
train2601.jpg,Neutral
train2604.jpg,Neutral
train2605.jpg,Neutral
train2611.jpg,Neutral
train2613.jpg,Neutral
train2615.jpg,Neutral
train2616.jpg,Neutral
train2617.jpg,Neutral
train2618.jpg,Neutral
train2619.jpg,Neutral
train2624.jpg,Neutral
train2625.jpg,Neutral
train2626.jpg,Neutral
train2628.jpg,Neutral
train2629.jpg,Neutral
train2630.jpg,Neutral
train2631.jpg,Neutral
train2634.jpg,Neutral
train2637.jpg,Neutral
train2639.jpg,Political
train2640.jpg,Political
train2641.jpg,Political
train2642.jpg,Political
train2643.jpg,Political
train2644.jpg,Political
train2645.jpg,Political
train2646.jpg,Political
train2647.jpg,Political
train2648.jpg,Political
train2649.jpg,Political
train2650.jpg,Political
train2651.jpg,Political
train2652.jpg,Political
train2653.jpg,Political
train2654.jpg,Political
train2655.jpg,Political
train2656.jpg,Political
train2657.jpg,Political
train2658.jpg,Political
train2659.jpg,Political
train2660.jpg,Political
train2661.jpg,Political
train2662.jpg,Political
train2663.jpg,Political
train2664.jpg,Political
train2665.jpg,Political
train2666.jpg,Political
train2667.jpg,Political
train2668.jpg,Political
train2669.jpg,Political
train2670.jpg,Political
train2671.jpg,Political
train2672.jpg,Political
train2673.jpg,Political
train2674.jpg,Political
train2675.jpg,Political
train2676.jpg,Political
train2677.jpg,Political
train2678.jpg,Political
train2679.jpg,Political
train2680.jpg,Political
train2681.jpg,Political
train2682.jpg,Political
train2683.jpg,Political
train2684.jpg,Political
train2685.jpg,Political
train2686.jpg,Political
train2687.jpg,Political
train2688.jpg,Political
train2689.jpg,Political
train2690.jpg,Political
train2691.jpg,Political
train2692.jpg,Political
train2693.jpg,Political
train2694.jpg,Political
train2695.jpg,Political
train2696.jpg,Political
train2697.jpg,Political
train2698.jpg,Political
train2699.jpg,Political
train2700.jpg,Political
train2701.jpg,Political
train2702.jpg,Political
train2703.jpg,Political
train2704.jpg,Political
train2705.jpg,Political
train2706.jpg,Political
train2707.jpg,Political
train2708.jpg,Political
train2709.jpg,Political
train2710.jpg,Political
train2711.jpg,Political
train2712.jpg,Political
train2713.jpg,Political
train2714.jpg,Political
train2715.jpg,Political
train2716.jpg,Political
train2717.jpg,Political
train2718.jpg,Political
train2719.jpg,Political
train2720.jpg,Political
train2721.jpg,Political
train2722.jpg,Political
train2723.jpg,Political
train2724.jpg,Political
train2725.jpg,Political
train2726.jpg,Political
train2727.jpg,Political
train2728.jpg,Political
train2729.jpg,Political
train2730.jpg,Political
train2731.jpg,Political
train2732.jpg,Political
train2733.jpg,Political
train2734.jpg,Political
train2735.jpg,Political
train2736.jpg,Political
train2737.jpg,Political
train2738.jpg,Political
train2739.jpg,Political
train2740.jpg,Political
train2741.jpg,Political
train2742.jpg,Political
train2743.jpg,Political
train2744.jpg,Political
train2745.jpg,Political
train2746.jpg,Political
train2747.jpg,Political
train2748.jpg,Political
train2749.jpg,Political
train2750.jpg,Political
train2751.jpg,Political
train2752.jpg,Political
train2753.jpg,Political
train2754.jpg,Political
train2755.jpg,Political
train2756.jpg,Political
train2757.jpg,Political
train2758.jpg,Political
train2759.jpg,Political
train2760.jpg,Political
train2761.jpg,Political
train2762.jpg,Political
train2763.jpg,Political
train2764.jpg,Political
train2765.jpg,Political
train2766.jpg,Political
train2767.jpg,Political
train2768.jpg,Political
train2769.jpg,Political
train2770.jpg,Political
train2771.jpg,Political
train2772.jpg,Political
train2773.jpg,Political
train2774.jpg,Political
train2775.jpg,Political
train2776.jpg,Political
train2777.jpg,Political
train2778.jpg,Political
train2779.jpg,Political
train2780.jpg,Political
train2781.jpg,Political
train2782.jpg,Political
train2783.jpg,Political
train2784.jpg,Political
train2785.jpg,Political
train2786.jpg,Political
train2787.jpg,Political
train2788.jpg,Political
train2789.jpg,Political
train2790.jpg,Political
train2791.jpg,Political
train2792.jpg,Political
train2793.jpg,Political
train2794.jpg,Political
train2795.jpg,Political
train2796.jpg,Political
train2797.jpg,Political
train2798.jpg,Political
train2799.jpg,Political
train2800.jpg,Political
train2801.jpg,Political
train2802.jpg,Political
train2803.jpg,Political
train2804.jpg,Political
train2805.jpg,Political
train2806.jpg,Political
train2807.jpg,Political
train2808.jpg,Political
train2809.jpg,Political
train2810.jpg,Political
train2811.jpg,Political
train2812.jpg,Political
train2813.jpg,Political
train2814.jpg,Political
train2815.jpg,Political
train2816.jpg,Political
train2817.jpg,Political
train2818.jpg,Political
train2819.jpg,Political
train2820.jpg,Political
train2821.jpg,Political
train2822.jpg,Political
train2823.jpg,Political
train2824.jpg,Political
train2825.jpg,Political
train2826.jpg,Political
train2827.jpg,Political
train2828.jpg,Political
train2829.jpg,Political
train2830.jpg,Political
train2831.jpg,Political
train2832.jpg,Political
train2833.jpg,Political
train2834.jpg,Political
train2835.jpg,Political
train2836.jpg,Political
train2837.jpg,Political
train2838.jpg,Political
train2839.jpg,Political
train2840.jpg,Political
train2841.jpg,Political
train2842.jpg,Political
train2843.jpg,Political
train2844.jpg,Political
train2845.jpg,Political
train2846.jpg,Political
train2847.jpg,Political
train2848.jpg,Political
train2849.jpg,Political
train2850.jpg,Political
train2851.jpg,Political
train2852.jpg,Political
train2853.jpg,Political
train2854.jpg,Political
train2855.jpg,Political
train2856.jpg,Political
train2857.jpg,Political
train2858.jpg,Political
train2859.jpg,Political
train2860.jpg,Political
train2861.jpg,Political
train2862.jpg,Political
train2863.jpg,Political
train2864.jpg,Political
train2865.jpg,Political
train2866.jpg,Political
train2867.jpg,Political
train2868.jpg,Political
train2869.jpg,Political
train2870.jpg,Political
train2871.jpg,Political
train2872.jpg,Political
train2873.jpg,Political
train2874.jpg,Political
train2875.jpg,Political
train2876.jpg,Political
train2877.jpg,Political
train2878.jpg,Political
train2879.jpg,Political
train2880.jpg,Political
train2881.jpg,Political
train2882.jpg,Political
train2883.jpg,Political
train2884.jpg,Political
train2885.jpg,Political
train2886.jpg,Political
train2887.jpg,Political
train2888.jpg,Political
train2889.jpg,Political
train2890.jpg,Political
train2891.jpg,Political
train2892.jpg,Political
train2893.jpg,Political
train2894.jpg,Political
train2895.jpg,Political
train2896.jpg,Political
train2897.jpg,Political
train2898.jpg,Political
train2899.jpg,Political
train2900.jpg,Political
train2901.jpg,Political
train2902.jpg,Political
train2903.jpg,Political
train2904.jpg,Political
train2905.jpg,Political
train2906.jpg,Political
train2907.jpg,Political
train2908.jpg,Political
train2909.jpg,Political
train2910.jpg,Political
train2911.jpg,Political
train2912.jpg,Political
train2913.jpg,Political
train2914.jpg,Political
train2915.jpg,Political
train2916.jpg,Political
train2917.jpg,Political
train2918.jpg,Political
train2919.jpg,Political
train2920.jpg,Political
train2921.jpg,Political
train2922.jpg,Political
train2923.jpg,Political
train2924.jpg,Political
train2925.jpg,Political
train2926.jpg,Political
train2927.jpg,Political
train2928.jpg,Political
train2929.jpg,Political
train2930.jpg,Political
train2931.jpg,Political
train2932.jpg,Political
train2933.jpg,Political
train2934.jpg,Political
train2935.jpg,Political
train2936.jpg,Political
train2937.jpg,Political
train2938.jpg,Political
train2939.jpg,Political
train2940.jpg,Political
train2941.jpg,Political
train2942.jpg,Political
train2943.jpg,Political
train2944.jpg,Political
train2945.jpg,Political
train2946.jpg,Political
train2947.jpg,Political
train2948.jpg,Political
train2949.jpg,Political
train2950.jpg,Political
train2951.jpg,Political
train2952.jpg,Political
train2953.jpg,Political
train2954.jpg,Political
train2955.jpg,Political
train2956.jpg,Political
train2957.jpg,Political
train2958.jpg,Political
train2959.jpg,Political
train2960.jpg,Political
train2961.jpg,Political
train2962.jpg,Political
train2963.jpg,Political
train2964.jpg,Political
train2965.jpg,Political
train2966.jpg,Political
train2967.jpg,Political
train2968.jpg,Political
train2969.jpg,Political
train2970.jpg,Political
train2971.jpg,Political
train2972.jpg,Political
train2973.jpg,Political
train2974.jpg,Political
train2975.jpg,Political
train2976.jpg,Political
train2977.jpg,Political
train2978.jpg,Political
train2979.jpg,Political
train2980.jpg,Political
train2981.jpg,Political
train2982.jpg,Political
train2983.jpg,Political
train2984.jpg,Political
train2985.jpg,Political
train2986.jpg,Political
train2987.jpg,Political
train2988.jpg,Political
train2989.jpg,Political
train2990.jpg,Political
train2991.jpg,Political
train2992.jpg,Political
train2993.jpg,Political
train2994.jpg,Political
train2995.jpg,Political
train2996.jpg,Political
train2997.jpg,Political
train2998.jpg,Political
train2999.jpg,Political
train3000.jpg,Political
train3001.jpg,Political
train3002.jpg,Political
train3003.jpg,Political
train3004.jpg,Political
train3005.jpg,Political
train3006.jpg,Political
train3007.jpg,Political
train3008.jpg,Political
train3009.jpg,Political
train3010.jpg,Political
train3011.jpg,Political
train3012.jpg,Political
train3013.jpg,Political
train3014.jpg,Political
train3015.jpg,Political
train3016.jpg,Political
train3017.jpg,Political
train3018.jpg,Political
train3019.jpg,Political
train3020.jpg,Political
train3021.jpg,Political
train3022.jpg,Political
train3023.jpg,Political
train3024.jpg,Political
train3025.jpg,Political
train3026.jpg,Political
train3027.jpg,Political
train3028.jpg,Political
train3029.jpg,Political
train3030.jpg,Political
train3031.jpg,Political
train3032.jpg,Political
train3033.jpg,Political
train3034.jpg,Political
train3035.jpg,Political
train3036.jpg,Political
train3037.jpg,Political
train3038.jpg,Political
train3039.jpg,Political
train3040.jpg,Political
train3041.jpg,Political
train3042.jpg,Political
train3043.jpg,Political
train3044.jpg,Political
train3045.jpg,Political
train3046.jpg,Political
train3047.jpg,Political
train3048.jpg,Political
train3049.jpg,Political
train3050.jpg,Political
train3051.jpg,Political
train3052.jpg,Political
train3053.jpg,Political
train3054.jpg,Political
train3055.jpg,Political
train3056.jpg,Political
train3057.jpg,Political
train3058.jpg,Political
train3059.jpg,Political
train3060.jpg,Political
train3061.jpg,Political
train3062.jpg,Political
train3063.jpg,Political
train3064.jpg,Political
train3065.jpg,Political
train3066.jpg,Political
train3067.jpg,Political
train3068.jpg,Political
train3069.jpg,Political
train3070.jpg,Political
train3071.jpg,Political
train3072.jpg,Political
train3073.jpg,Political
train3074.jpg,Political
train3075.jpg,Political
train3076.jpg,Political
train3077.jpg,Political
train3078.jpg,Political
train3079.jpg,Political
train3080.jpg,Political
train3081.jpg,Political
train3082.jpg,Political
train3083.jpg,Political
train3084.jpg,Political
train3085.jpg,Political
train3086.jpg,Political
train3087.jpg,Political
train3088.jpg,Political
train3089.jpg,Political
train3090.jpg,Political
train3091.jpg,Political
train3092.jpg,Political
train3093.jpg,Political
train3094.jpg,Political
train3095.jpg,Political
train3096.jpg,Political
train3097.jpg,Political
train3098.jpg,Political
train3099.jpg,Political
train3100.jpg,Political
train3101.jpg,Political
train3102.jpg,Political
train3103.jpg,Political
train3104.jpg,Political
train3105.jpg,Political
train3106.jpg,Political
train3107.jpg,Political
train3108.jpg,Political
train3109.jpg,Political
train3110.jpg,Political
train3111.jpg,Political
train3112.jpg,Political
train3113.jpg,Political
train3114.jpg,Political
train3115.jpg,Political
train3116.jpg,Political
train3117.jpg,Political
train3118.jpg,Political
train3119.jpg,Political
train3120.jpg,Political
train3121.jpg,Political
train3122.jpg,Political
train3123.jpg,Political
train3124.jpg,Political
train3125.jpg,Political
train3126.jpg,Political
train3127.jpg,Political
train3128.jpg,Political
train3129.jpg,Political
train3130.jpg,Political
train3131.jpg,Political
train3132.jpg,Political
train3133.jpg,Political
train3134.jpg,Political
train3135.jpg,Political
train3136.jpg,Political
train3137.jpg,Political
train3138.jpg,Political
train3139.jpg,Political
train3140.jpg,Political
train3141.jpg,Political
train3142.jpg,Political
train3143.jpg,Political
train3144.jpg,Political
train3145.jpg,Political
train3146.jpg,Political
train3147.jpg,Political
train3148.jpg,Political
train3149.jpg,Political
train3150.jpg,Political
train3151.jpg,Political
train3152.jpg,Political
train3153.jpg,Political
train3154.jpg,Political
train3155.jpg,Political
train3156.jpg,Political
train3157.jpg,Political
train3158.jpg,Political
train3159.jpg,Political
train3160.jpg,Political
train3161.jpg,Political
train3162.jpg,Political
train3163.jpg,Political
train3164.jpg,Political
train3165.jpg,Political
train3166.jpg,Political
train3167.jpg,Political
train3168.jpg,Political
train3169.jpg,Political
train3170.jpg,Political
train3171.jpg,Political
train3172.jpg,Political
train3173.jpg,Political
train3174.jpg,Political
train3175.jpg,Political
train3176.jpg,Political
train3177.jpg,Political
train3178.jpg,Political
train3179.jpg,Political
train3180.jpg,Political
train3181.jpg,Political
train3182.jpg,Political
train3183.jpg,Political
train3184.jpg,Political
train3185.jpg,Political
train3186.jpg,Political
train3187.jpg,Political
train3188.jpg,Political
train3189.jpg,Political
train3190.jpg,Political
train3191.jpg,Political
train3192.jpg,Political
train3193.jpg,Political
train3194.jpg,Political
train3195.jpg,Political
train3196.jpg,Political
train3197.jpg,Political
train3198.jpg,Political
train3199.jpg,Political
train3200.jpg,Political
train3201.jpg,Political
train3202.jpg,Political
train3203.jpg,Political
train3204.jpg,Political
train3205.jpg,Political
train3206.jpg,Political
train3207.jpg,Political
train3208.jpg,Political
train3209.jpg,Political
train3210.jpg,Political
train3211.jpg,Political
train3212.jpg,Political
train3213.jpg,Political
train3214.jpg,Political
train3215.jpg,Political
train3216.jpg,Political
train3217.jpg,Political
train3218.jpg,Political
train3219.jpg,Political
train3220.jpg,Political
train3221.jpg,Political
train3222.jpg,Political
train3223.jpg,Political
train3224.jpg,Political
train3225.jpg,Political
train3226.jpg,Political
train3227.jpg,Political
train3228.jpg,Political
train3229.jpg,Political
train3230.jpg,Political
train3231.jpg,Political
train3232.jpg,Political
train3233.jpg,Political
train3234.jpg,Political
train3235.jpg,Political
train3236.jpg,Political
train3237.jpg,Political
train3238.jpg,Political
train3239.jpg,Political
train3240.jpg,Political
train3241.jpg,Political
train3242.jpg,Political
train3243.jpg,Political
train3244.jpg,Political
train3245.jpg,Political
train3246.jpg,Political
train3247.jpg,Political
train3248.jpg,Political
train3249.jpg,Political
train3250.jpg,Political
train3251.jpg,Political
train3252.jpg,Political
train3253.jpg,Political
train3254.jpg,Political
train3255.jpg,Political
train3256.jpg,Political
train3257.jpg,Political
train3258.jpg,Political
train3259.jpg,Political
train3260.jpg,Political
train3261.jpg,Political
train3262.jpg,Political
train3263.jpg,Political
train3264.jpg,Political
train3265.jpg,Political
train3266.jpg,Political
train3267.jpg,Political
train3268.jpg,Political
train3269.jpg,Political
train3270.jpg,Political
train3271.jpg,Political
train3272.jpg,Political
train3273.jpg,Political
train3274.jpg,Political
train3275.jpg,Political
train3276.jpg,Political
train3277.jpg,Political
train3278.jpg,Political
train3279.jpg,Political
train3280.jpg,Political
train3281.jpg,Political
train3282.jpg,Political
train3283.jpg,Political
train3284.jpg,Political
train3285.jpg,Political
train3286.jpg,Political
train3287.jpg,Political
train3288.jpg,Political
train3289.jpg,Political
train3290.jpg,Political
train3291.jpg,Political
train3292.jpg,Political
train3293.jpg,Political
train3294.jpg,Political
train3295.jpg,Political
train3296.jpg,Political
train3297.jpg,Political
train3298.jpg,Political
train3299.jpg,Political
train3300.jpg,Political
train3301.jpg,Political
train3302.jpg,Political
train3303.jpg,Political
train3304.jpg,Political
train3305.jpg,Political
train3306.jpg,Political
train3307.jpg,Political
train3308.jpg,Political
train3309.jpg,Political
train3310.jpg,Political
train3311.jpg,Political
train3312.jpg,Political
train3313.jpg,Political
train3314.jpg,Political
train3315.jpg,Political
train3316.jpg,Political
train3317.jpg,Political
train3318.jpg,Political
train3319.jpg,Political
train3320.jpg,Political
train3321.jpg,Political
train3322.jpg,Political
train3323.jpg,Political
train3324.jpg,Political
train3325.jpg,Political
train3326.jpg,Political
train3327.jpg,Political
train3328.jpg,Political
train3329.jpg,Political
train3330.jpg,Political
train3331.jpg,Political
train3332.jpg,Political
train3333.jpg,Political
train3334.jpg,Political
train3335.jpg,Political
train3336.jpg,Political
train3337.jpg,Political
train3338.jpg,Political
train3339.jpg,Political
train3340.jpg,Political
train3341.jpg,Political
train3342.jpg,Political
train3343.jpg,Political
train3344.jpg,Political
train3345.jpg,Political
train3346.jpg,Political
train3347.jpg,Political
train3348.jpg,Political
train3349.jpg,Political
train3350.jpg,Political
train3351.jpg,Political
train3352.jpg,Political
train3353.jpg,Political
train3354.jpg,Political
train3355.jpg,Political
train3356.jpg,Political
train3357.jpg,Political
train3358.jpg,Political
train3359.jpg,Political
train3360.jpg,Political
train3361.jpg,Political
train3362.jpg,Political
train3363.jpg,Political
train3364.jpg,Political
train3365.jpg,Political
train3366.jpg,Political
train3367.jpg,Political
train3368.jpg,Political
train3369.jpg,Political
train3370.jpg,Political
train3371.jpg,Political
train3372.jpg,Political
train3373.jpg,Political
train3374.jpg,Political
train3375.jpg,Political
train3376.jpg,Political
train3377.jpg,Political
train3378.jpg,Political
train3379.jpg,Political
train3380.jpg,Political
train3381.jpg,Political
train3382.jpg,Political
train3383.jpg,Political
train3384.jpg,Political
train3385.jpg,Political
train3386.jpg,Political
train3387.jpg,Political
train3388.jpg,Political
train3389.jpg,Political
train3390.jpg,Political
train3391.jpg,Political
train3392.jpg,Political
train3393.jpg,Political
train3394.jpg,Political
train3395.jpg,Political
train3396.jpg,Political
train3397.jpg,Political
train3398.jpg,Political
train3399.jpg,Political
train3400.jpg,Political
train3401.jpg,Political
train3402.jpg,Political
train3403.jpg,Political
train3404.jpg,Political
train3405.jpg,Political
train3406.jpg,Political
train3407.jpg,Political
train3408.jpg,Political
train3409.jpg,Political
train3410.jpg,Political
train3411.jpg,Political
train3412.jpg,Political
train3413.jpg,Political
train3414.jpg,Political
train3415.jpg,Political
train3416.jpg,Political
train3417.jpg,Political
train3418.jpg,Political
train3419.jpg,Political
train3420.jpg,Political
train3421.jpg,Political
train3422.jpg,Political
train3423.jpg,Political
train3424.jpg,Political
train3425.jpg,Political
train3426.jpg,Political
train3427.jpg,Political
train3428.jpg,Political
train3429.jpg,Political
train3430.jpg,Political
train3431.jpg,Political
train3432.jpg,Political
train3433.jpg,Political
train3434.jpg,Political
train3435.jpg,Political
train3436.jpg,Political
train3437.jpg,Political
train3438.jpg,Political
train3439.jpg,Political
train3440.jpg,Political
train3441.jpg,Political
train3442.jpg,Political
train3443.jpg,Political
train3444.jpg,Political
train3445.jpg,Political
train3446.jpg,Political
train3447.jpg,Political
train3448.jpg,Political
train3449.jpg,Political
train3450.jpg,Political
train3451.jpg,Political
train3452.jpg,Political
train3453.jpg,Political
train3454.jpg,Political
train3455.jpg,Political
train3456.jpg,Political
train3457.jpg,Political
train3458.jpg,Political
train3459.jpg,Political
train3460.jpg,Political
train3461.jpg,Political
train3462.jpg,Political
train3463.jpg,Political
train3464.jpg,Political
train3465.jpg,Political
train3466.jpg,Political
train3467.jpg,Political
train3468.jpg,Political
train3469.jpg,Political
train3470.jpg,Political
train3471.jpg,Political
train3472.jpg,Political
train3473.jpg,Political
train3474.jpg,Political
train3475.jpg,Political
train3476.jpg,Political
train3477.jpg,Political
train3478.jpg,Political
train3479.jpg,Political
train3480.jpg,Political
train3481.jpg,Political
train3482.jpg,Political
train3483.jpg,Political
train3484.jpg,Political
train3485.jpg,Political
train3486.jpg,Religious
train3487.jpg,Religious
train3488.jpg,Religious
train3489.jpg,Religious
train3490.jpg,Religious
train3491.jpg,Religious
train3492.jpg,Religious
train3493.jpg,Religious
train3494.jpg,Religious
train3495.jpg,Religious
train3496.jpg,Religious
train3497.jpg,Religious
train3498.jpg,Religious
train3499.jpg,Religious
train3500.jpg,Religious
train3501.jpg,Religious
train3502.jpg,Religious
train3503.jpg,Religious
train3504.jpg,Religious
train3505.jpg,Religious
train3506.jpg,Religious
train3507.jpg,Religious
train3508.jpg,Religious
train3509.jpg,Religious
train3510.jpg,Religious
train3511.jpg,Religious
train3512.jpg,Religious
train3513.jpg,Religious
train3514.jpg,Religious
train3515.jpg,Religious
train3516.jpg,Religious
train3517.jpg,Religious
train3518.jpg,Religious
train3519.jpg,Religious
train3520.jpg,Religious
train3521.jpg,Religious
train3522.jpg,Religious
train3523.jpg,Religious
train3524.jpg,Religious
train3525.jpg,Religious
train3526.jpg,Religious
train3527.jpg,Religious
train3528.jpg,Religious
train3529.jpg,Religious
train3530.jpg,Religious
train3531.jpg,Religious
train3532.jpg,Religious
train3533.jpg,Religious
train3534.jpg,Religious
train3535.jpg,Religious
train3536.jpg,Religious
train3537.jpg,Religious
train3538.jpg,Religious
train3539.jpg,Religious
train3540.jpg,Religious
train3541.jpg,Religious
train3542.jpg,Religious
train3543.jpg,Religious
train3544.jpg,Religious
train3545.jpg,Religious
train3546.jpg,Religious
train3547.jpg,Religious
train3548.jpg,Religious
train3549.jpg,Religious
train3550.jpg,Religious
train3551.jpg,Religious
train3552.jpg,Religious
train3553.jpg,Religious
train3554.jpg,Religious
train3555.jpg,Religious
train3556.jpg,Religious
train3557.jpg,Religious
train3558.jpg,Religious
train3559.jpg,Religious
train3560.jpg,Religious
train3561.jpg,Religious
train3562.jpg,Religious
train3563.jpg,Religious
train3564.jpg,Religious
train3565.jpg,Religious
train3566.jpg,Religious
train3567.jpg,Religious
train3568.jpg,Religious
train3569.jpg,Religious
train3570.jpg,Religious
train3571.jpg,Religious
train3572.jpg,Religious
train3573.jpg,Religious
train3574.jpg,Religious
train3575.jpg,Religious
train3576.jpg,Religious
train3577.jpg,Religious
train3578.jpg,Religious
train3579.jpg,Religious
train3580.jpg,Religious
train3581.jpg,Religious
train3582.jpg,Religious
train3583.jpg,Religious
train3584.jpg,Religious
train3585.jpg,Religious
train3586.jpg,Religious
train3587.jpg,Religious
train3588.jpg,Religious
train3589.jpg,Religious
train3590.jpg,Religious
train3591.jpg,Religious
train3592.jpg,Religious
train3593.jpg,Religious
train3594.jpg,Religious
train3595.jpg,Religious
train3596.jpg,Religious
train3597.jpg,Religious
train3598.jpg,Religious
train3599.jpg,Religious
train3600.jpg,Religious
train3601.jpg,Religious
train3602.jpg,Religious
train3603.jpg,Religious
train3604.jpg,Religious
train3605.jpg,Religious
train3606.jpg,Religious
train3607.jpg,Religious
train3608.jpg,Religious
train3609.jpg,Religious
train3610.jpg,Religious
train3611.jpg,Religious
train3612.jpg,Religious
train3613.jpg,Religious
train3614.jpg,Religious
train3615.jpg,Religious
train3616.jpg,Religious
train3617.jpg,Religious
train3618.jpg,Religious
train3619.jpg,Religious
train3620.jpg,Religious
train3621.jpg,Religious
train3622.jpg,Religious
train3623.jpg,Religious
train3624.jpg,Religious
train3625.jpg,Religious
train3626.jpg,Religious
train3627.jpg,Religious
train3628.jpg,Religious
train3629.jpg,Religious
train3630.jpg,Religious
train3631.jpg,Religious
train3632.jpg,Religious
train3633.jpg,Religious
train3634.jpg,Religious
train3635.jpg,Religious
train3636.jpg,Religious
train3637.jpg,Religious
train3638.jpg,Religious
train3639.jpg,Religious
train3640.jpg,Religious
train3641.jpg,Religious
train3642.jpg,Religious
train3643.jpg,Religious
train3644.jpg,Religious
train3645.jpg,Religious
train3646.jpg,Religious
train3647.jpg,Religious
train3648.jpg,Religious
train3649.jpg,Religious
train3650.jpg,Religious
train3651.jpg,Religious
train3652.jpg,Religious
train3653.jpg,Religious
train3654.jpg,Religious
train3655.jpg,Religious
train3656.jpg,Religious
train3657.jpg,Religious
train3658.jpg,Religious
train3659.jpg,Religious
train3660.jpg,Religious
train3661.jpg,Religious
train3662.jpg,Religious
train3663.jpg,Religious
train3664.jpg,Religious
train3665.jpg,Religious
train3666.jpg,Religious
train3667.jpg,Religious
train3668.jpg,Religious
train3669.jpg,Religious
train3670.jpg,Religious
train3671.jpg,Religious
train3672.jpg,Religious
train3673.jpg,Religious
train3674.jpg,Religious
train3675.jpg,Religious
train3676.jpg,Religious
train3677.jpg,Religious
train3678.jpg,Religious
train3679.jpg,Religious
train3680.jpg,Religious
train3681.jpg,Religious
train3682.jpg,Religious
train3683.jpg,Religious
train3684.jpg,Religious
train3685.jpg,Religious
train3686.jpg,Religious
train3687.jpg,Religious
train3688.jpg,Religious
train3689.jpg,Religious
train3690.jpg,Religious
train3691.jpg,Religious
train3692.jpg,Religious
train3693.jpg,Religious
train3694.jpg,Religious
train3695.jpg,Religious
train3696.jpg,Religious
train3697.jpg,Religious
train3698.jpg,Religious
train3699.jpg,Religious
train3700.jpg,Religious
train3701.jpg,Religious
train3702.jpg,Religious
train3703.jpg,Religious
train3704.jpg,Religious
train3705.jpg,Religious
train3706.jpg,Religious
train3707.jpg,Religious
train3708.jpg,Religious
train3709.jpg,Religious
train3710.jpg,Religious
train3711.jpg,Religious
train3712.jpg,Religious
train3713.jpg,Religious
train3714.jpg,Religious
train3715.jpg,Religious
train3716.jpg,Religious
train3717.jpg,Religious
train3718.jpg,Religious
train3719.jpg,Religious
train3720.jpg,Religious
train3721.jpg,Religious
train3722.jpg,Religious
train3723.jpg,Religious
train3724.jpg,Religious
train3725.jpg,Religious
train3726.jpg,Religious
train3727.jpg,Religious
train3728.jpg,Religious
train3729.jpg,Religious
train3730.jpg,Religious
train3731.jpg,Religious
train3732.jpg,Religious
train3733.jpg,Religious
train3734.jpg,Religious
train3735.jpg,Religious
train3736.jpg,Religious
train3737.jpg,Religious
train3738.jpg,Religious
train3739.jpg,Religious
train3740.jpg,Religious
train3741.jpg,Religious
train3742.jpg,Religious
train3743.jpg,Religious
train3744.jpg,Religious
train3745.jpg,Religious
train3746.jpg,Religious
train3747.jpg,Religious
train3748.jpg,Religious
train3749.jpg,Religious
train3750.jpg,Religious
train3751.jpg,Religious
train3752.jpg,Religious
train3753.jpg,Religious
train3754.jpg,Religious
train3755.jpg,Religious
train3756.jpg,Religious
train3757.jpg,Religious
train3758.jpg,Religious
train3759.jpg,Religious
train3760.jpg,Religious
train3761.jpg,Religious
train3762.jpg,Religious
train3763.jpg,Religious
train3764.jpg,Religious
train3765.jpg,Religious
train3766.jpg,Religious
train3767.jpg,Religious
train3768.jpg,Religious
train3769.jpg,Religious
train3770.jpg,Religious
train3771.jpg,Religious
train3772.jpg,Religious
train3773.jpg,Religious
train3774.jpg,Religious
train3775.jpg,Religious
train3776.jpg,Religious
train3777.jpg,Religious
train3778.jpg,Religious
train3779.jpg,Religious
train3780.jpg,Religious
train3781.jpg,Religious
train3782.jpg,Religious
train3783.jpg,Religious
train3784.jpg,Religious
train3785.jpg,Religious
train3786.jpg,Religious
train3787.jpg,Religious
train3788.jpg,Religious
train3789.jpg,Religious
train3790.jpg,Religious
train3791.jpg,Religious
train3792.jpg,Religious
train3793.jpg,Religious
train3794.jpg,Religious
train3795.jpg,Religious
train3796.jpg,Religious
train3797.jpg,Religious
train3798.jpg,Religious
train3799.jpg,Religious
train3800.jpg,Religious
train3801.jpg,Religious
train3802.jpg,Religious
train3803.jpg,Religious
train3804.jpg,Religious
train3805.jpg,Religious
train3806.jpg,Religious
train3807.jpg,Religious
train3808.jpg,Religious
train3809.jpg,Religious
train3810.jpg,Religious
train3811.jpg,Religious
train3812.jpg,Religious
train3813.jpg,Religious
train3814.jpg,Religious
train3815.jpg,Religious
train3816.jpg,Religious
train3817.jpg,Religious
train3818.jpg,Religious
train3819.jpg,Religious
train3820.jpg,Religious
train3821.jpg,Religious
train3822.jpg,Religious
train3823.jpg,Religious
train3824.jpg,Religious
train3825.jpg,Religious
train3826.jpg,Religious
train3827.jpg,Religious
train3828.jpg,Religious
train3829.jpg,Religious
train3830.jpg,Religious
train3831.jpg,Religious
train3832.jpg,Religious
train3833.jpg,Religious
train3834.jpg,Religious
train3835.jpg,Religious
train3836.jpg,Religious
train3837.jpg,Religious
train3838.jpg,Religious
train3839.jpg,Religious
train3840.jpg,Religious
train3841.jpg,Religious
train3842.jpg,Religious
train3843.jpg,Religious
train3844.jpg,Religious
train3845.jpg,Religious
train3846.jpg,Religious
train3847.jpg,Religious
train3848.jpg,Religious
train3849.jpg,Religious
train3850.jpg,Religious
train3851.jpg,Religious
train3852.jpg,Religious
train3853.jpg,Religious
train3854.jpg,Religious
train3855.jpg,Religious
train3856.jpg,Religious
train3857.jpg,Religious
train3858.jpg,Religious
train3859.jpg,Religious
train3860.jpg,Religious
train3861.jpg,Religious
train3862.jpg,Religious
train3863.jpg,Religious
train3864.jpg,Religious
train3865.jpg,Religious
train3866.jpg,Religious
train3867.jpg,Religious
train3868.jpg,Religious
train3869.jpg,Religious
train3870.jpg,Religious
train3871.jpg,Religious
train3872.jpg,Religious
train3873.jpg,Religious
train3874.jpg,Religious
train3875.jpg,Religious
train3876.jpg,Religious
train3877.jpg,Religious
train3878.jpg,Religious
train3879.jpg,Religious
train3880.jpg,Religious
train3881.jpg,Religious
train3882.jpg,Religious
train3883.jpg,Religious
train3884.jpg,Religious
train3885.jpg,Religious
train3886.jpg,Religious
train3887.jpg,Religious
train3888.jpg,Religious
train3889.jpg,Religious
train3890.jpg,Religious
train3891.jpg,Religious
train3892.jpg,Religious
train3893.jpg,Religious
train3894.jpg,Religious
train3895.jpg,Religious
train3896.jpg,Religious
train3897.jpg,Religious
train3898.jpg,Religious
train3899.jpg,Religious
train3900.jpg,Religious
train3901.jpg,Religious
train3902.jpg,Religious
train3903.jpg,Religious
train3904.jpg,Religious
train3905.jpg,Religious
train3906.jpg,Religious
train3907.jpg,Religious
train3908.jpg,Religious
train3909.jpg,Religious
train3910.jpg,Religious
train3911.jpg,Religious
train3912.jpg,Religious
train3913.jpg,Religious
train3914.jpg,Religious
train3915.jpg,Religious
train3916.jpg,Religious
train3917.jpg,Religious
train3918.jpg,Religious
train3919.jpg,Religious
train3920.jpg,Religious
train3921.jpg,Religious
train3922.jpg,Religious
train3923.jpg,Religious
train3924.jpg,Religious
train3925.jpg,Religious
train3926.jpg,Religious
train3927.jpg,Religious
train3928.jpg,Religious
train3929.jpg,Religious
train3930.jpg,Religious
train3931.jpg,Religious
train3932.jpg,Religious
train3933.jpg,Religious
train3934.jpg,Religious
train3935.jpg,Religious
train3936.jpg,Religious
train3937.jpg,Religious
train3938.jpg,Religious
train3939.jpg,Religious
train3940.jpg,Religious
train3941.jpg,Religious
train3942.jpg,Religious
train3943.jpg,Religious
train3944.jpg,Religious
train3945.jpg,Religious
train3946.jpg,Religious
train3947.jpg,Religious
train3948.jpg,Religious
train3949.jpg,Religious
train3950.jpg,Religious
train3951.jpg,Religious
train3952.jpg,Religious
train3953.jpg,Religious
train3954.jpg,Religious
train3955.jpg,Religious
train3956.jpg,Religious
train3957.jpg,Religious
train3958.jpg,Religious
train3959.jpg,Religious
train3960.jpg,Religious
train3961.jpg,Religious
train3962.jpg,Religious
train3963.jpg,Religious
train3964.jpg,Religious
train3965.jpg,Religious
train3966.jpg,Religious
train3967.jpg,Religious
train3968.jpg,Religious
train3969.jpg,Religious
train3970.jpg,Religious
train3971.jpg,Religious
train3972.jpg,Religious
train3973.jpg,Religious
train3974.jpg,Religious
train3975.jpg,Religious
train3976.jpg,Religious
train3977.jpg,Religious
train3978.jpg,Religious
train3979.jpg,Religious
train3980.jpg,Religious
train3981.jpg,Religious
train3982.jpg,Religious
train3983.jpg,Religious
train3984.jpg,Religious
train3985.jpg,Religious
train3986.jpg,Religious
train3987.jpg,Religious
train3988.jpg,Religious
train3989.jpg,Religious
train3990.jpg,Religious
train3991.jpg,Religious
train3992.jpg,Religious
train3993.jpg,Religious
train3994.jpg,Religious
train3995.jpg,Religious
train3996.jpg,Religious
train3997.jpg,Religious
train3998.jpg,Religious
train3999.jpg,Religious
train4000.jpg,Religious
train4001.jpg,Religious
train4002.jpg,Religious
train4003.jpg,Religious
train4004.jpg,Religious
train4005.jpg,Religious
train4006.jpg,Religious
train4007.jpg,Religious
train4008.jpg,Religious
train4009.jpg,Religious
train4010.jpg,Religious
train4011.jpg,Religious
train4012.jpg,Religious
train4013.jpg,Religious
train4014.jpg,Religious
train4015.jpg,Religious
train4016.jpg,Religious
train4017.jpg,Religious
train4018.jpg,Religious
train4019.jpg,Religious
train4020.jpg,Religious
train4021.jpg,Religious
train4022.jpg,Religious
train4023.jpg,Religious
train4024.jpg,Religious
train4025.jpg,Religious
train4026.jpg,Religious
train4027.jpg,Religious
train4028.jpg,Religious
train4029.jpg,Religious
train4030.jpg,Religious
train4031.jpg,Religious
train4032.jpg,Religious
train4033.jpg,Religious
train4034.jpg,Religious
train4035.jpg,Religious
train4036.jpg,Religious
train4037.jpg,Religious
train4038.jpg,Religious
train4039.jpg,Religious
train4040.jpg,Religious
train4041.jpg,Religious
train4042.jpg,Religious
train4043.jpg,Religious
train4044.jpg,Religious
train4045.jpg,Religious
train4046.jpg,Religious
train4047.jpg,Religious
train4048.jpg,Religious
train4049.jpg,Religious
train4050.jpg,Religious
train4051.jpg,Religious
train4052.jpg,Religious
train4053.jpg,Religious
train4054.jpg,Religious
train4055.jpg,Religious
train4056.jpg,Religious
train4057.jpg,Religious
train4058.jpg,Religious
train4059.jpg,Religious
train4060.jpg,Religious
train4061.jpg,Religious
train4062.jpg,Religious
train4063.jpg,Religious
train4064.jpg,Religious
train4065.jpg,Religious
train4066.jpg,Religious
train4067.jpg,Religious
train4068.jpg,Religious
train4069.jpg,Religious
train4070.jpg,Religious
train4071.jpg,Religious
train4072.jpg,Religious
train4073.jpg,Religious
train4074.jpg,Religious
train4075.jpg,Religious
train4076.jpg,Religious
train4077.jpg,Religious
train4078.jpg,Religious
train4079.jpg,Religious
train4080.jpg,Religious
train4081.jpg,Religious
train4082.jpg,Religious
train4083.jpg,Religious
train4084.jpg,Religious
train4085.jpg,Religious
train4086.jpg,Religious
train4087.jpg,Religious
train4088.jpg,Religious
train4089.jpg,Religious
train4090.jpg,Religious
train4091.jpg,Religious
train4092.jpg,Sports
train4093.jpg,Sports
train4094.jpg,Sports
train4095.jpg,Sports
train4096.jpg,Sports
train4097.jpg,Sports
train4098.jpg,Sports
train4099.jpg,Sports
train4100.jpg,Sports
train4101.jpg,Sports
train4102.jpg,Sports
train4103.jpg,Sports
train4104.jpg,Sports
train4105.jpg,Sports
train4106.jpg,Sports
train4107.jpg,Sports
train4108.jpg,Sports
train4109.jpg,Sports
train4110.jpg,Sports
train4111.jpg,Sports
train4112.jpg,Sports
train4113.jpg,Sports
train4114.jpg,Sports
train4115.jpg,Sports
train4116.jpg,Sports
train4117.jpg,Sports
train4118.jpg,Sports
train4119.jpg,Sports
train4120.jpg,Sports
train4121.jpg,Sports
train4122.jpg,Sports
train4123.jpg,Sports
train4124.jpg,Sports
train4125.jpg,Sports
train4126.jpg,Sports
train4127.jpg,Sports
train4128.jpg,Sports
train4129.jpg,Sports
train4130.jpg,Sports
train4131.jpg,Sports
train4132.jpg,Sports
train4133.jpg,Sports
train4134.jpg,Sports
train4135.jpg,Sports
train4136.jpg,Sports
train4137.jpg,Sports
train4138.jpg,Sports
train4139.jpg,Sports
train4140.jpg,Sports
train4141.jpg,Sports
train4142.jpg,Sports
train4143.jpg,Sports
train4144.jpg,Sports
train4145.jpg,Sports
train4146.jpg,Sports
train4147.jpg,Sports
train4148.jpg,Sports
train4149.jpg,Sports
train4150.jpg,Sports
train4151.jpg,Sports
train4152.jpg,Sports
train4153.jpg,Sports
train4154.jpg,Sports
train4155.jpg,Sports
train4156.jpg,Sports
train4157.jpg,Sports
train4158.jpg,Sports
train4159.jpg,Sports
train4160.jpg,Sports
train4161.jpg,Sports
train4162.jpg,Sports
train4163.jpg,Sports
train4164.jpg,Sports
train4165.jpg,Sports
train4166.jpg,Sports
train4167.jpg,Sports
train4168.jpg,Sports
train4169.jpg,Sports
train4170.jpg,Sports
train4171.jpg,Sports
train4172.jpg,Sports
train4173.jpg,Sports
train4174.jpg,Sports
train4175.jpg,Sports
train4176.jpg,Sports
train4177.jpg,Sports
train4178.jpg,Sports
train4179.jpg,Sports
train4180.jpg,Sports
train4181.jpg,Sports
train4182.jpg,Sports
train4183.jpg,Sports
train4184.jpg,Sports
train4185.jpg,Sports
train4186.jpg,Sports
train4187.jpg,Sports
train4188.jpg,Sports
train4189.jpg,Sports
train4190.jpg,Sports
train4191.jpg,Sports
train4192.jpg,Sports
train4193.jpg,Sports
train4194.jpg,Sports
train4195.jpg,Sports
train4196.jpg,Sports
train4197.jpg,Sports
train4198.jpg,Sports
train4199.jpg,Sports
train4200.jpg,Sports
train4201.jpg,Sports
train4202.jpg,Sports
train4203.jpg,Sports
train4204.jpg,Sports
train4205.jpg,Sports
train4206.jpg,Sports
train4207.jpg,Sports
train4208.jpg,Sports
train4209.jpg,Sports
train4210.jpg,Sports
train4211.jpg,Sports
train4212.jpg,Sports
train4213.jpg,Sports
train4214.jpg,Sports
train4215.jpg,Sports
train4216.jpg,Sports
train4217.jpg,Sports
train4218.jpg,Sports
train4219.jpg,Sports
train4220.jpg,Sports
train4221.jpg,Sports
train4222.jpg,Sports
train4223.jpg,Sports
train4224.jpg,Sports
train4225.jpg,Sports
train4226.jpg,Sports
train4227.jpg,Sports
train4228.jpg,Sports
train4229.jpg,Sports
train4230.jpg,Sports
train4231.jpg,Sports
train4232.jpg,Sports
train4233.jpg,Sports
train4234.jpg,Sports
train4235.jpg,Sports
train4236.jpg,Sports
train4237.jpg,Sports
train4238.jpg,Sports
train4239.jpg,Sports
train4240.jpg,Sports
train4241.jpg,Sports
train4242.jpg,Sports
train4243.jpg,Sports
train4244.jpg,Sports
train4245.jpg,Sports
train4246.jpg,Sports
train4247.jpg,Sports
train4248.jpg,Sports
train4249.jpg,Sports
train4250.jpg,Sports
train4251.jpg,Sports
train4252.jpg,Sports
train4253.jpg,Sports
train4254.jpg,Sports
train4255.jpg,Sports
train4256.jpg,Sports
train4257.jpg,Sports
train4258.jpg,Sports
train4259.jpg,Sports
train4260.jpg,Sports
train4261.jpg,Sports
train4262.jpg,Sports
train4263.jpg,Sports
train4264.jpg,Sports
train4265.jpg,Sports
train4266.jpg,Sports
train4267.jpg,Sports
train4268.jpg,Sports
train4269.jpg,Sports
train4270.jpg,Sports
train4271.jpg,Sports
train4272.jpg,Sports
train4273.jpg,Sports
train4274.jpg,Sports
train4275.jpg,Sports
train4276.jpg,Sports
train4277.jpg,Sports
train4278.jpg,Sports
train4279.jpg,Sports
train4280.jpg,Sports
train4281.jpg,Sports
train4282.jpg,Sports
train4283.jpg,Sports
train4284.jpg,Sports
train4285.jpg,Sports
train4286.jpg,Sports
train4287.jpg,Sports
train4288.jpg,Sports
train4289.jpg,Sports
train4290.jpg,Sports
train4291.jpg,Sports
train4292.jpg,Sports
train4293.jpg,Sports
train4294.jpg,Sports
train4295.jpg,Sports
train4296.jpg,Sports
train4297.jpg,Sports
train4298.jpg,Sports
train4299.jpg,Sports
train4300.jpg,Sports
train4301.jpg,Sports
train4302.jpg,Sports
train4303.jpg,Sports
train4304.jpg,Sports
train4305.jpg,Sports
train4306.jpg,Sports
train4307.jpg,Sports
train4308.jpg,Sports
train4309.jpg,Sports
train4310.jpg,Sports
train4311.jpg,Sports
train4312.jpg,Sports
train4313.jpg,Sports
train4314.jpg,Sports
train4315.jpg,Sports
train4316.jpg,Sports
train4317.jpg,Sports
train4318.jpg,Sports
train4319.jpg,Sports
train4320.jpg,Sports
train4321.jpg,Sports
train4322.jpg,Sports
train4323.jpg,Sports
train4324.jpg,Sports
train4325.jpg,Sports
train4326.jpg,Sports
train4327.jpg,Sports
train4328.jpg,Sports
train4329.jpg,Sports
train4330.jpg,Sports
train4331.jpg,Sports
train4332.jpg,Sports
train4333.jpg,Sports
train4334.jpg,Sports
train4335.jpg,Sports
train4336.jpg,Sports
train4337.jpg,Sports
train4338.jpg,Sports
train4339.jpg,Sports
train4340.jpg,Sports
train4341.jpg,Sports
train4342.jpg,Sports
train4343.jpg,Sports
train4344.jpg,Sports
train4345.jpg,Sports
train4346.jpg,Sports
train4347.jpg,Sports
train4348.jpg,Sports
train4349.jpg,Sports
train4350.jpg,Sports
train4351.jpg,Sports
train4352.jpg,Sports
train4353.jpg,Sports
train4354.jpg,Sports
train4355.jpg,Sports
train4356.jpg,Sports
train4357.jpg,Sports
train4358.jpg,Sports
train4359.jpg,Sports
train4360.jpg,Sports
train4361.jpg,Sports
train4362.jpg,Sports
train4363.jpg,Sports
train4364.jpg,Sports
train4365.jpg,Sports
train4366.jpg,Sports
train4367.jpg,Sports
train4368.jpg,Sports
train4369.jpg,Sports
train4370.jpg,Sports
train4371.jpg,Sports
train4372.jpg,Sports
train4373.jpg,Sports
train4374.jpg,Sports
train4375.jpg,Sports
train4376.jpg,Sports
train4377.jpg,Sports
train4378.jpg,Sports
train4379.jpg,Sports
train4380.jpg,Sports
train4381.jpg,Sports
train4382.jpg,Sports
train4383.jpg,Sports
train4384.jpg,Sports
train4385.jpg,Sports
train4386.jpg,Sports
train4387.jpg,Sports
train4388.jpg,Sports
train4389.jpg,Sports
train4390.jpg,Sports
train4391.jpg,Sports
train4392.jpg,Sports
train4393.jpg,Sports
train4394.jpg,Sports
train4395.jpg,Sports
train4396.jpg,Sports
train4397.jpg,Sports
train4398.jpg,Sports
train4399.jpg,Sports
train4400.jpg,Sports
train4401.jpg,Sports
train4402.jpg,Sports
train4403.jpg,Sports
train4404.jpg,Sports
train4405.jpg,Sports
train4406.jpg,Sports
train4407.jpg,Sports
train4408.jpg,Sports
train4409.jpg,Sports
train4410.jpg,Sports
train4411.jpg,Sports
train4412.jpg,Sports
train4413.jpg,Sports
train4414.jpg,Sports
train4415.jpg,Sports
train4416.jpg,Sports
train4417.jpg,Sports
train4418.jpg,Sports
train4419.jpg,Sports
train4420.jpg,Sports
train4421.jpg,Sports
train4422.jpg,Sports
train4423.jpg,Sports
train4424.jpg,Sports
train4425.jpg,Sports
train4426.jpg,Sports
train4427.jpg,Sports
train4428.jpg,Sports
train4429.jpg,Sports
train4430.jpg,Sports
train4431.jpg,Sports
train4432.jpg,Sports
train4433.jpg,Sports
train4434.jpg,Sports
train4435.jpg,Sports
train4436.jpg,Sports
train4437.jpg,Sports
train4438.jpg,Sports
train4439.jpg,Sports
train4440.jpg,Sports
train4441.jpg,Sports
train4442.jpg,Sports
train4443.jpg,Sports
train4444.jpg,Sports
train4445.jpg,Sports
train4446.jpg,Sports
train4447.jpg,Sports
train4448.jpg,Sports
train4449.jpg,Sports
train4450.jpg,Sports
train4451.jpg,Sports
train4452.jpg,Sports
train4453.jpg,Sports
train4454.jpg,Sports
train4455.jpg,Sports
train4456.jpg,Sports
train4457.jpg,Sports
train4458.jpg,Sports
train4459.jpg,Sports
train4460.jpg,Sports
train4461.jpg,Sports
train4462.jpg,Sports
train4463.jpg,Sports
train4464.jpg,Sports
train4465.jpg,Sports
train4466.jpg,Sports
train4467.jpg,Sports
train4468.jpg,Sports
train4469.jpg,Sports
train4470.jpg,Sports
train4471.jpg,Sports
train4472.jpg,Sports
train4473.jpg,Sports
train4474.jpg,Sports
train4475.jpg,Sports
train4476.jpg,Sports
train4477.jpg,Sports
train4478.jpg,Sports
train4479.jpg,Sports
train4480.jpg,Sports
train4481.jpg,Sports
train4482.jpg,Sports
train4483.jpg,Sports
train4484.jpg,Sports
train4485.jpg,Sports
train4486.jpg,Sports
train4487.jpg,Sports
train4488.jpg,Sports
train4489.jpg,Sports
train4490.jpg,Sports
train4491.jpg,Sports
train4492.jpg,Sports
train4493.jpg,Sports
train4494.jpg,Sports
train4495.jpg,Sports
train4496.jpg,Sports
train4497.jpg,Sports
train4498.jpg,Sports
train4499.jpg,Sports
train4500.jpg,Sports
train4501.jpg,Sports
train4502.jpg,Sports
train4503.jpg,Sports
train4504.jpg,Sports
train4505.jpg,Sports
train4506.jpg,Sports
train4507.jpg,Sports
train4508.jpg,Sports
train4509.jpg,Sports
train4510.jpg,Sports
train4511.jpg,Sports
train4512.jpg,Sports
train4513.jpg,Sports
train4514.jpg,Sports
train4515.jpg,Sports
train4516.jpg,Sports
train4517.jpg,Sports
train4518.jpg,Sports
train4519.jpg,Sports
train4520.jpg,Sports
train4521.jpg,Sports
train4522.jpg,Sports
train4523.jpg,Sports
train4524.jpg,Sports
train4525.jpg,Sports
train4526.jpg,Sports
train4527.jpg,Sports
train4528.jpg,Sports
train4529.jpg,Sports
train4530.jpg,Sports
train4531.jpg,Sports
train4532.jpg,Sports
train4533.jpg,Sports
train4534.jpg,Sports
train4535.jpg,Sports
train4536.jpg,Sports
train4537.jpg,Sports
train4538.jpg,Sports
train4539.jpg,Sports
train4540.jpg,Sports
train4541.jpg,Sports
train4542.jpg,Sports
train4543.jpg,Sports
train4544.jpg,Sports
train4545.jpg,Sports
train4546.jpg,Sports
train4547.jpg,Sports
train4548.jpg,Sports
train4549.jpg,Sports
train4550.jpg,Sports
train4551.jpg,Sports
train4552.jpg,Sports
train4553.jpg,Sports
train4554.jpg,Sports
train4555.jpg,Sports
train4556.jpg,Sports
train4557.jpg,Sports
train4558.jpg,Sports
train4559.jpg,Sports
train4560.jpg,Sports
train4561.jpg,Sports
train4562.jpg,Sports
train4563.jpg,Sports
train4564.jpg,Sports
train4565.jpg,Sports
train4566.jpg,Sports
train4567.jpg,Sports
train4568.jpg,Sports
train4569.jpg,Sports
train4570.jpg,Sports
train4571.jpg,Sports
train4572.jpg,Sports
train4573.jpg,Sports
train4574.jpg,Sports
train4575.jpg,Sports
train4576.jpg,Sports
train4577.jpg,Sports
train4578.jpg,Sports
train4579.jpg,Sports
train4580.jpg,Sports
train4581.jpg,Sports
train4582.jpg,Sports
train4583.jpg,Sports
train4584.jpg,Sports
train4585.jpg,Sports
train4586.jpg,Sports
train4587.jpg,Sports
train4588.jpg,Sports
train4589.jpg,Sports
train4590.jpg,Sports
train4591.jpg,Sports
train4592.jpg,Sports
train4593.jpg,Sports
train4594.jpg,Sports
train4595.jpg,Sports
train4596.jpg,Sports
train4597.jpg,Sports
train4598.jpg,Sports
train4599.jpg,Sports
train4600.jpg,Sports
train4601.jpg,Sports
train4602.jpg,Sports
train4603.jpg,Sports
train4604.jpg,Sports
train4605.jpg,Sports
train4606.jpg,Sports
train4607.jpg,Sports
train4608.jpg,Sports
train4609.jpg,Sports
train4610.jpg,Sports
train4611.jpg,Sports
train4612.jpg,Sports
train4613.jpg,Sports
train4614.jpg,Sports
train4615.webp,Sports
train4616.jpg,Sports
train4617.jpg,Sports
train4618.jpg,Sports
train4619.jpg,Sports
train4620.jpg,Sports
train4621.webp,Sports
train4622.png,Sports
train4623.jpg,Sports
train4624.jpg,Sports
train4625.jpg,Sports
train4626.jpg,Sports
train4627.jpg,Sports
train4628.jpg,Sports
train4629.jpg,Sports
train4630.jpg,Sports
train4631.jpg,Sports
train4632.jpg,Sports
train4633.jpg,Sports
train4634.jpg,Sports
train4635.jpg,Sports
train4636.jpg,Sports
train4637.jpg,Sports
train4638.jpg,Sports
train4639.jpg,Sports
train4640.jpg,Sports
train4641.jpg,Sports
train4642.jpg,Sports
train4643.jpg,Sports
train4644.webp,Sports
train4645.jpg,Sports
train4646.jpg,Sports
train4647.jpg,Sports
train4648.jpg,Sports
train4649.jpg,Sports
train4650.jpg,Sports
train4651.jpg,Sports
train4652.jpg,Sports
train4653.jpg,Sports
train4654.jpg,Sports
train4655.jpg,Sports
train4656.jpg,Sports
train4657.jpg,Sports
train4658.jpg,Sports
train4659.jpg,Sports
train4660.jpg,Sports
train4661.jpg,Sports
train4662.jpg,Sports
train4663.jpg,Sports
train4664.jpg,Sports
train4665.jpg,Sports
train4666.jpg,Sports
train4667.jpg,Sports
train4668.jpg,Sports
train4669.jpg,Sports
train4670.jpg,Sports
train4671.jpg,Sports
train4672.jpg,Sports
train4673.jpg,Sports
train4674.jpg,Sports
train4675.jpg,Sports
train4676.jpg,Sports
train4677.jpg,Sports
train4678.jpg,Sports
train4679.jpg,Sports
train4680.jpg,Sports
train4681.jpg,Sports
train4682.jpg,Sports
train4683.jpg,Sports
train4684.jpg,Sports
train4685.jpg,Sports
train4686.jpg,Sports
train4687.jpg,Sports
train4688.jpg,Sports
train4689.jpg,Sports
train4690.jpg,Sports
train4691.jpg,Sports
train4692.jpg,Sports
train4693.jpg,Sports
train4694.jpg,Sports
train4695.jpg,Sports
train4696.jpg,Sports
train4697.jpg,Sports
train4698.jpg,Sports
train4699.jpg,Sports
train4700.jpg,Sports
train4701.jpg,Sports
train4702.jpg,Sports
train4703.jpg,Sports
train4704.jpg,Sports
train4705.jpg,Sports
train4706.jpg,Sports
train4707.jpg,Sports
train4708.jpg,Sports
train4709.jpg,Sports
train4710.jpg,Sports
train4711.jpg,Sports
train4712.jpg,Sports
train4713.jpg,Sports
train4714.jpg,Sports
train4715.jpg,Sports
train4716.jpg,Sports
train4717.jpg,Sports
train4718.jpg,Sports
train4719.jpg,Sports
train4720.jpg,Sports
train4721.jpg,Sports
train4722.jpg,Sports
train4723.jpg,Sports
train4724.jpg,Sports
train4725.jpg,Sports
train4726.jpg,Sports
train4727.jpg,Sports
train4728.jpg,Sports
train4729.jpg,Sports
